Wavenumber,CoHA01,CoHA025,CoHA05,CoHA100
399.1992,0.871379,1.359685,1.170668,1.049802
401.1277,0.8929625,1.241221,1.04816,0.9250536
403.0562,0.9100507,1.200009,0.9969036,0.8757113
404.9847,0.9136396,1.193007,0.9818766,0.867193
406.9132,0.9079032,1.17858,0.9652627,0.856711
408.8417,0.8869296,1.13592,0.9363509,0.8281683
410.7702,0.85623610000000006,1.082621,0.9015397,0.7905297
412.6987,0.818714,1.028629,0.8647422,0.7478972
414.6272,0.7892037,0.9876321,0.8379703,0.7166019
416.5557,0.7676761,0.999793,0.8595092,0.7353206
418.4842,0.7444969,1.077066,0.9452403,0.8216428
420.4127,0.7331322,0.9873914,0.8618481,0.7331004
422.3412,0.732203,0.9223625,0.798471,0.6648387
424.2697,0.7329054,0.9078525,0.7827649,0.6482338
426.1982,0.7377051,0.8901889,0.7656541,0.6287229
428.1267,0.7440602,0.8789231,0.7533843,0.6144237
430.0552,0.7486319,0.8810318,0.7522492,0.6138161
431.9837,0.7503715,0.8787519,0.7506573,0.6114974
433.9122,0.7504094,0.8753023,0.7474654,0.6066803
435.8407,0.7494584,0.8742383,0.7466095,0.6041576
437.7692,0.7489539,0.8602858,0.7341724,0.5882741
439.6977,0.7458241,0.8538522,0.7284136,0.5792474
441.6262,0.7423289,0.8627316,0.737533,0.5871025
443.5547,0.7439948,0.8616747,0.7339416,0.5832219
445.4832,0.7486193,0.8558459,0.7250015,0.5739273
447.4117,0.7543833,0.85514,0.7218243,0.570746
449.3401,0.7611152,0.8530354,0.7183754,0.5660034
451.2686,0.7682233,0.8610617,0.7238001,0.5713654
453.1971,0.7761877,0.8704178,0.7282979,0.5777162
455.1256,0.7822911,0.8784697,0.7322645,0.5827401
457.0541,0.7896186,0.9036044,0.7546821,0.6064647
458.9826,0.7998518,0.9046164,0.7521926,0.6038271
460.9111,0.8065726,0.8965049,0.740559,0.5909297
462.8396,0.8129419,0.8996817,0.7422803,0.5912472
464.7681,0.8194236,0.9029528,0.7441661,0.593801
466.6966,0.8253492,0.911791,0.7504469,0.6028509
468.6251,0.8305958,0.9177049,0.7560981,0.6092192
470.5536,0.8332172,0.9242543,0.7636991,0.6175242
472.4821,0.8359715,0.9334299,0.7746863,0.6280085
474.4106,0.8388059,0.9254732,0.7664599,0.6182464
476.3391,0.8404803,0.9196419,0.7614136,0.6119584
478.2676,0.8408347,0.9185494,0.7610797,0.6105149
480.1961,0.8403605,0.9162005,0.7608983,0.6097344
482.1246,0.8399872,0.9156172,0.7641927,0.6121341
484.0531,0.8399813,0.9167067,0.767233,0.615256
485.9816,0.8415025,0.9146847,0.7651812,0.6132399
487.9101,0.843785,0.9112582,0.7637007,0.6105683
489.8386,0.8460981,0.9120468,0.7665412,0.6130307
491.7671,0.8511341,0.9153099,0.7714436,0.6178188
493.6956,0.8590071,0.9179454,0.774961,0.6203376
495.6241,0.8669081,0.9215423,0.7782686,0.6229557
497.5526,0.8755044,0.9280786,0.7827865,0.6288478
499.4811,0.8839657,0.9372622,0.7898612,0.6364357
501.4096,0.8938785,0.9508513,0.8022485,0.6485321
503.3381,0.9081022,0.9616578,0.8111851,0.6577315
505.2666,0.9207594,0.9717247,0.818022,0.665763
507.1951,0.9351213,0.984994,0.8286942,0.6782138
509.1236,0.9511413,0.9989723,0.8381215,0.6890574
511.0521,0.9687102,1.015332,0.8491818,0.7023813
512.9806,0.9872295,1.032423,0.8622692,0.7183354
514.9091,1.004401,1.052217,0.8776483,0.7371821
516.8376,1.023439,1.078151,0.896709,0.7616976
518.7661,1.045414,1.101385,0.9139979,0.7866269
520.6946,1.065718,1.120502,0.9278096,0.8084493
522.6231,1.08328,1.138654,0.9407892,0.8307087
524.5516,1.098428,1.156401,0.955161,0.8567116
526.4801,1.111924,1.169518,0.9663181,0.8830676
528.4086,1.118795,1.172676,0.9702131,0.8992578
530.3371,1.120313,1.170231,0.969862,0.9108725
532.2656,1.118703,1.162728,0.9662668,0.9181665
534.1941,1.11431,1.151044,0.96055,0.9203348
536.1226,1.108573,1.13906,0.9532968,0.9199521
538.0511,1.100332,1.124552,0.943494,0.9167687
539.9796,1.091412,1.109093,0.9335372,0.9123853
541.9081,1.081506,1.091848,0.9230769,0.9058491
543.8365,1.071502,1.077011,0.9145756,0.8978088
545.7651,1.065246,1.066747,0.9092609,0.8914767
547.6935,1.069871,1.064848,0.9082738,0.8903378
549.6221,1.087579,1.07402,0.9134473,0.8969143
551.5505,1.119646,1.09885,0.9275692,0.9137375
553.4791,1.164263,1.137503,0.9512709,0.9400759
555.4075,1.221657,1.191292,0.9838451,0.9768122
557.3361,1.283037,1.254383,1.021512,1.018729
559.2645,1.338716,1.320149,1.061475,1.063816
561.1931,1.378716,1.379553,1.098066,1.107035
563.1215,1.403649,1.425976,1.12655,1.145338
565.05,1.412306,1.451632,1.145061,1.17296
566.9786,1.408906,1.459923,1.156271,1.192456
568.907,1.398804,1.458257,1.160369,1.203306
570.8356,1.392405,1.459538,1.165043,1.213858
572.764,1.393059,1.467964,1.17475,1.22864
574.6926,1.40557,1.489438,1.19251,1.255716
576.621,1.423678,1.517022,1.216465,1.294596
578.5496,1.441399,1.543917,1.239134,1.339268
580.478,1.454362,1.558599,1.256519,1.38135
582.4066,1.460418,1.560084,1.266445,1.411332
584.335,1.439524,1.532237,1.25848,1.403639
586.2635,1.385355,1.47207,1.230546,1.35521
588.192,1.305384,1.385257,1.185759,1.273639
590.1205,1.217304,1.292013,1.134523,1.187264
592.049,1.126762,1.194568,1.077093,1.098594
593.9775,1.050782,1.110561,1.025662,1.022058
595.906,0.9864627,1.04037,0.9813389,0.9551884
597.8345,0.932089,0.9823645,0.9440053,0.8980172
599.763,0.8851305,0.9318799,0.9110563,0.847868
601.6915,0.8471138,0.8906181,0.8828645,0.8053227
603.62,0.8164994,0.8580914,0.8595504,0.7684768
605.5485,0.791472,0.83079,0.8402122,0.7368362
607.477,0.7692344,0.8073972,0.82283,0.7082906
609.4055,0.7501857,0.7885011,0.8079935,0.6838664
611.334,0.733462,0.7712891,0.7947559,0.6615647
613.2625,0.7189048,0.756268,0.7835995,0.6417626
615.191,0.7054219,0.7430937,0.7731983,0.6233584
617.1195,0.6939942,0.7316508,0.7644674,0.6069444
619.048,0.6835641,0.7207447,0.7565985,0.5913244
620.9765,0.6747098,0.7119684,0.7497193,0.5773849
622.905,0.6668572,0.7041383,0.7430158,0.564571
624.8335,0.659835,0.6970221,0.7376231,0.5540034
626.762,0.6534978,0.6902046,0.7326439,0.5440766
628.6905,0.6485798,0.6852863,0.7284948,0.5356652
630.619,0.6439571,0.6804712,0.7251219,0.5282735
632.5475,0.6398087,0.6762915,0.7228219,0.5223122
634.476,0.6362548,0.6730785,0.7201964,0.5168139
636.4045,0.6337192,0.6706228,0.7178036,0.5121462
638.333,0.6314006,0.6675951,0.7158078,0.5077091
640.2615,0.629873,0.6657133,0.7149069,0.5044948
642.19,0.6284335,0.6641767,0.7139602,0.5016719
644.1185,0.6276136,0.6629531,0.7130201,0.499608
646.047,0.6269247,0.661761,0.7122921,0.4975128
647.9755,0.6264794,0.6613641,0.712233,0.4961815
649.904,0.6263198,0.6609024,0.7118095,0.4949884
651.8325,0.626372,0.6604631,0.7119429,0.4941556
653.761,0.6265023,0.6604477,0.7122241,0.4934677
655.6895,0.6270007,0.6610149,0.7126839,0.4934128
657.618,0.6274293,0.661131,0.7128444,0.4929217
659.5464,0.6284168,0.6616578,0.7133099,0.4929546
661.475,0.6295053,0.6624076,0.7140536,0.4931475
663.4034,0.6306362,0.6636358,0.7153129,0.4936124
665.332,0.6306443,0.6649846,0.7171781,0.4942406
667.2604,0.6322626,0.6692291,0.7225194,0.5010933
669.189,0.6382622,0.67077850000000006,0.722248,0.5046561
671.1174,0.6377844,0.6691384,0.7203069,0.499688
673.046,0.6381744,0.6696811,0.7211158,0.4996127
674.9745,0.6397157,0.6711175,0.722286,0.5014923
676.903,0.6412132,0.6724671,0.7234775,0.5033271
678.8315,0.6427138,0.6739537,0.7245951,0.5051441
680.7599,0.6442596,0.6757835,0.7258871,0.5071926
682.6885,0.6460033,0.6777974,0.7278543,0.5094129
684.6169,0.6478922,0.6794099,0.7292422,0.5112662
686.5455,0.6495591,0.6814178,0.7307606,0.5131951
688.4739,0.651926,0.683888,0.7325818,0.5158283
690.4025,0.6549327,0.6865409,0.7347314,0.5184938
692.3309,0.65756269999999994,0.6893573,0.7366779,0.5207604
694.2595,0.6602719,0.6923343,0.7386033,0.5233071
696.1879,0.6623696,0.6946445,0.7404239,0.5255919
698.1165,0.6637245,0.6962157,0.7423539,0.5273284
700.0449,0.6651571,0.6974991,0.7440469,0.5288435
701.9734,0.6666632,0.6991596,0.7460204,0.5306203
703.9019,0.6684433,0.7010835,0.7480572,0.5325344
705.8304,0.6705986,0.7033988,0.7500281,0.5343333
707.7589,0.673003,0.7061142,0.7520912,0.5361755
709.6874,0.6754683,0.7092717,0.7544248,0.5382122
711.6159,0.6780055,0.7124033,0.7566724,0.5401347
713.5444,0.6807343,0.7153354,0.7590202,0.5419923
715.4729,0.6833535,0.7177028,0.7611285,0.5436634
717.4014,0.6862009,0.7202529,0.7635213,0.5455493
719.3299,0.6897081,0.7232625,0.7658293,0.5477006
721.2584,0.693581,0.7264792,0.768488,0.5499296
723.1869,0.6977273,0.7297865,0.7714323,0.5523303
725.1154,0.7016006,0.7333612,0.7742451,0.5551165
727.0439,0.7046759,0.7368469,0.7766557,0.5574133
728.9724,0.7070326,0.7399098,0.7790592,0.5592223
730.9009,0.7090994,0.7424932,0.781172,0.5607089
732.8294,0.711108,0.7452765,0.7830378,0.5619276
734.7579,0.7130657,0.7481222,0.7852978,0.5631107
736.6864,0.7146574,0.7509319,0.7878518,0.5643737
738.6149,0.716185,0.7536362,0.7900591,0.5658074
740.5434,0.7180062,0.7565506,0.7922426,0.5674174
742.4719,0.7201034,0.7594277,0.7945356,0.5691305
744.4004,0.7224338,0.762501,0.7970863,0.5711364
746.3289,0.7252672,0.7659302,0.7994695,0.5735004
748.2574,0.7281749,0.7694178,0.8021524,0.5760014
750.1859,0.7310166,0.7726552,0.8049749,0.5782741
752.1144,0.7339061,0.7759574,0.8078465,0.5808729
754.0429,0.7369151,0.7797874,0.8104916,0.5838506
755.9714,0.7398806,0.7838197,0.8132858,0.5867513
757.8999,0.7433103,0.787667,0.8164072,0.5895242
759.8284,0.7468444,0.7913762,0.8192681,0.5924346
761.7569,0.7503915,0.795374,0.8220706,0.5955853
763.6854,0.7539614,0.7997866,0.8252501,0.5989343
765.6139,0.757618,0.804097,0.8284833,0.6023059
767.5424,0.7614445,0.808556,0.8317986,0.6058663
769.4709,0.765731,0.8136016,0.8350434,0.6096625
771.3994,0.770276,0.8190454,0.8384517,0.6136237
773.3279,0.7749472,0.8244921,0.8418407,0.6177114
775.2563,0.7797131,0.8300967,0.8454333,0.6221654
777.1849,0.7844887,0.83557,0.8490545,0.6268661
779.1133,0.7883316,0.8401613,0.8523814,0.6309515
781.0419,0.7916615,0.8439195,0.8558899,0.6343841
782.9703,0.7950626,0.8475018,0.8594811,0.637903
784.8989,0.7983302,0.8510873,0.8625343,0.641627
786.8274,0.8018507,0.8548911,0.8658909,0.6458386
788.7559,0.8059828,0.8598719,0.8698161,0.650629
790.6844,0.8104921,0.8655235,0.8738855,0.6557265
792.6129,0.8160686,0.8717939,0.8779044,0.6612378
794.5414,0.8216651,0.87813,0.8822358,0.6673246
796.4698,0.8268045,0.8843095,0.8864381,0.6731758
798.3984,0.8311371,0.8897434,0.8907278,0.6788017
800.3268,0.834955,0.8941958,0.8948689,0.6840273
802.2554,0.8378358,0.8978961,0.8990722,0.6892683
804.1838,0.8406761,0.9014333,0.9031315,0.6945274
806.1124,0.8435301,0.9046865,0.9068614,0.6998027
808.0408,0.8469841,0.9083319,0.9107269,0.7055508
809.9694,0.8507766,0.9127294,0.9153652,0.7117931
811.8978,0.8551841,0.9176569,0.9200239,0.7184866
813.8264,0.8598967,0.9230288,0.924585,0.7255206
815.7548,0.865289,0.9291263,0.9290736,0.7329731
817.6833,0.8706084,0.9354677,0.933818,0.7409571
819.6118,0.8762302,0.9419519,0.9388653,0.7493983
821.5403,0.882082,0.9483089,0.9442002,0.7579893
823.4688,0.8887182,0.9551399,0.9494699,0.7667465
825.3973,0.8952259,0.9622895,0.9548324,0.7758698
827.3258,0.9020267,0.9698738,0.9603874,0.7853979
829.2543,0.9088706,0.9777496,0.9660003,0.7950303
831.1828,0.9160646,0.9856381,0.9718766,0.8050088
833.1113,0.9233832,0.9935902,0.97785,0.8152117
835.0398,0.931352,1.002249,0.9840152,0.825609
836.9683,0.9391715,1.010881,0.9902844,0.8358702
838.8969,0.9475084,1.019482,0.9964729,0.8464704
840.8253,0.9557866,1.028016,1.003171,0.8568454
842.7538,0.9642723,1.037123,1.009981,0.8674777
844.6823,0.97269,1.04657,1.016552,0.8781794
846.6108,0.9817782,1.056189,1.023518,0.8887297
848.5393,0.9907151,1.065847,1.030351,0.898661
850.4678,0.9998383,1.075786,1.037405,0.9088871
852.3963,1.009074,1.085708,1.044634,0.9191778
854.3248,1.018968,1.096227,1.05192,0.929614
856.2533,1.029024,1.106605,1.059249,0.9394846
858.1818,1.039515,1.117395,1.066705,0.9490445
860.1103,1.049196,1.127596,1.073821,0.9579588
862.0388,1.058928,1.137641,1.080807,0.966321
863.9673,1.068123,1.147148,1.087192,0.9735876
865.8958,1.076943,1.155768,1.093002,0.9801257
867.8243,1.084398,1.163573,1.09837,0.9854183
869.7528,1.092521,1.172234,1.103966,0.9903297
871.6813,1.100692,1.181154,1.109441,0.9945236
873.6098,1.109302,1.189623,1.114736,0.9987113
875.5383,1.118384,1.197668,1.12037,1.002941
877.4668,1.130471,1.207994,1.127631,1.008908
879.3953,1.145626,1.220747,1.136041,1.01678
881.3238,1.164886,1.237957,1.146336,1.027657
883.2523,1.185939,1.258616,1.158612,1.040653
885.1808,1.208367,1.281547,1.172402,1.055817
887.1093,1.229264,1.305138,1.186142,1.071371
889.0378,1.24775,1.327532,1.199257,1.085652
890.9662,1.261187,1.346103,1.211187,1.097283
892.8948,1.27118,1.360917,1.221316,1.106948
894.8233,1.276057,1.371297,1.229013,1.113685
896.7518,1.278309,1.378843,1.234809,1.118415
898.6803,1.277668,1.383156,1.238902,1.121071
900.6088,1.276257,1.385956,1.241525,1.122838
902.5373,1.272809,1.385823,1.24282,1.123734
904.4658,1.268591,1.383884,1.242538,1.124597
906.3943,1.262224,1.379243,1.240945,1.123847
908.3228,1.253734,1.37188,1.238045,1.122139
910.2513,1.240463,1.359807,1.232267,1.117892
912.1797,1.224196,1.343693,1.224651,1.111447
914.1083,1.202979,1.321927,1.213896,1.100846
916.0367,1.178035,1.295267,1.200245,1.086525
917.9653,1.149439,1.264346,1.18434,1.06862
919.8937,1.119292,1.232529,1.167136,1.048435
921.8223,1.088509,1.200497,1.149553,1.026783
923.7507,1.059787,1.169885,1.132487,1.006005
925.6793,1.033748,1.142205,1.116744,0.9874583
927.6077,1.011935,1.119153,1.103273,0.9733601
929.5363,0.9935277,1.100188,1.092354,0.9645352
931.4647,0.979829,1.08566,1.083863,0.9620846
933.3932,0.9701891,1.0755,1.077746,0.9660675
935.3217,0.9641764,1.069229,1.073724,0.9745877
937.2502,0.9610887,1.065715,1.071737,0.9816075
939.1787,0.9607697,1.064826,1.071789,0.9812782
941.1072,0.9621994,1.066329,1.073361,0.9715864
943.0357,0.9650754,1.069387,1.075359,0.9587831
944.9642,0.9687885,1.072962,1.077973,0.9491947
946.8927,0.973461,1.077333,1.080848,0.9452593
948.8212,0.9783393,1.082103,1.083971,0.9459535
950.7498,0.9837612,1.086918,1.08728,0.9495111
952.6782,0.9896044,1.091812,1.090653,0.9541765
954.6068,0.9963789,1.09814,1.094518,0.9607704
956.5352,1.003816,1.105049,1.098807,0.9699013
958.4637,1.012594,1.11243,1.103561,0.9818172
960.3922,1.021758,1.12099,1.109043,0.9959949
962.3207,1.032156,1.1307,1.115294,1.013587
964.2492,1.043392,1.140664,1.122236,1.034977
966.1777,1.055671,1.151633,1.129512,1.060482
968.1062,1.068615,1.1635,1.13747,1.088311
970.0347,1.083518,1.176352,1.146689,1.117687
971.9632,1.098958,1.190267,1.156468,1.14612
973.8917,1.116088,1.20597,1.166762,1.172372
975.8202,1.134978,1.222965,1.17819,1.194645
977.7487,1.156595,1.242618,1.19157,1.213663
979.6772,1.180281,1.264982,1.206645,1.230297
981.6057,1.207461,1.289919,1.223285,1.246797
983.5342,1.236748,1.317172,1.241308,1.263008
985.4627,1.268462,1.347155,1.260542,1.281082
987.3912,1.299648,1.378035,1.279925,1.300415
989.3197,1.328868,1.408742,1.299318,1.321362
991.2482,1.352941,1.436057,1.317846,1.341578
993.1767,1.372523,1.459381,1.334633,1.360735
995.1052,1.384192,1.475973,1.347499,1.375026
997.0337,1.388424,1.48568,1.356174,1.385003
998.9622,1.384943,1.487063,1.361337,1.388979
1000.891,1.376932,1.483118,1.36321,1.388628
1002.819,1.363631,1.474041,1.361172,1.382356
1004.748,1.348206,1.462003,1.356159,1.37273
1006.676,1.330262,1.446395,1.349289,1.358471
1008.605,1.31309,1.430208,1.341118,1.342215
1010.533,1.295852,1.413908,1.332056,1.324165
1012.462,1.279951,1.398696,1.322756,1.307333
1014.39,1.263864,1.383143,1.313592,1.292246
1016.319,1.249997,1.36851,1.304703,1.2802
1018.247,1.235577,1.354174,1.296591,1.27098
1020.176,1.22245,1.3415,1.289971,1.266235
1022.104,1.211298,1.330117,1.284275,1.26397
1024.033,1.204129,1.322281,1.280262,1.265285
1025.961,1.200778,1.317601,1.278364,1.26907
1027.89,1.202703,1.317259,1.279199,1.275683
1029.818,1.207942,1.320996,1.282654,1.283287
1031.747,1.217348,1.328635,1.288962,1.293293
1033.675,1.229968,1.339921,1.297445,1.30527
1035.604,1.24748,1.356128,1.308742,1.319748
1037.532,1.267997,1.376361,1.32351,1.335579
1039.461,1.29321,1.401579,1.34141,1.354569
1041.389,1.32253,1.431746,1.362226,1.376357
1043.318,1.358395,1.468848,1.387075,1.403269
1045.246,1.399438,1.51197,1.415811,1.434826
1047.175,1.448226,1.562658,1.448327,1.474705
1049.103,1.502788,1.618165,1.485032,1.520128
1051.032,1.567309,1.683345,1.526866,1.573337
1052.96,1.638733,1.756934,1.573349,1.634273
1054.889,1.722924,1.842603,1.62496,1.708407
1056.817,1.815708,1.937591,1.680525,1.789388
1058.746,1.919813,2.044849,1.739943,1.881201
1060.674,2.023447,2.151086,1.797655,1.974096
1062.603,2.125692,2.257582,1.849464,2.072958
1064.531,2.204175,2.347918,1.888459,2.159056
1066.46,2.272881,2.42049,1.914895,2.231936
1068.388,2.306805,2.44425,1.923177,2.267847
1070.317,2.317504,2.438479,1.914267,2.282237
1072.245,2.287877,2.398942,1.890972,2.255342
1074.174,2.260643,2.348088,1.858712,2.216469
1076.102,2.211264,2.276246,1.821287,2.159384
1078.031,2.156789,2.208868,1.785449,2.097567
1079.959,2.087856,2.132752,1.747618,2.025897
1081.888,2.026965,2.060975,1.711282,1.964388
1083.816,1.961369,1.991989,1.677661,1.904914
1085.745,1.905752,1.933884,1.648434,1.851788
1087.673,1.849986,1.880535,1.620574,1.799901
1089.602,1.801886,1.83475,1.597589,1.759324
1091.53,1.754526,1.792915,1.578086,1.722559
1093.459,1.716592,1.759242,1.561451,1.69419
1095.387,1.682028,1.728678,1.54761,1.668941
1097.316,1.656632,1.70689,1.536573,1.649939
1099.244,1.633697,1.690619,1.527346,1.632418
1101.173,1.617823,1.680368,1.522532,1.622199
1103.101,1.607251,1.675555,1.521362,1.615884
1105.03,1.605986,1.679444,1.524318,1.616168
1106.958,1.611549,1.689567,1.530548,1.621225
1108.887,1.628098,1.710449,1.541364,1.635516
1110.815,1.650352,1.737739,1.55673,1.655139
1112.744,1.684634,1.773975,1.576728,1.684587
1114.672,1.724879,1.816831,1.60015,1.718545
1116.601,1.775196,1.869054,1.628622,1.761102
1118.529,1.828543,1.923545,1.660172,1.805578
1120.458,1.891223,1.985503,1.694523,1.857041
1122.386,1.95095,2.047759,1.729037,1.906842
1124.315,2.012732,2.115109,1.762534,1.957254
1126.243,2.06316,2.170692,1.791697,1.994715
1128.172,2.109319,2.216136,1.816287,2.021922
1130.1,2.130751,2.232545,1.831021,2.029122
1132.029,2.140759,2.23451,1.83489,2.023332
1133.957,2.121093,2.213314,1.82695,1.995564
1135.886,2.090641,2.173911,1.809675,1.956153
1137.814,2.044841,2.115272,1.783828,1.904912
1139.743,1.998155,2.052837,1.754349,1.854244
1141.671,1.940598,1.988106,1.723994,1.799972
1143.6,1.888096,1.929482,1.694957,1.7509
1145.528,1.832359,1.869464,1.665753,1.702008
1147.457,1.78228,1.816812,1.638433,1.658368
1149.385,1.733092,1.767729,1.61386,1.615966
1151.314,1.69077,1.725407,1.592028,1.579206
1153.242,1.648129,1.687256,1.571455,1.544332
1155.171,1.610981,1.654923,1.553464,1.514322
1157.099,1.576996,1.62576,1.537839,1.486885
1159.028,1.549869,1.603612,1.524899,1.465149
1160.956,1.525473,1.58591,1.513655,1.446532
1162.885,1.507996,1.573581,1.50465,1.432559
1164.813,1.493323,1.563482,1.4978,1.421223
1166.742,1.484509,1.556885,1.492682,1.413628
1168.67,1.476348,1.551447,1.488495,1.407394
1170.599,1.470655,1.546884,1.485067,1.403096
1172.527,1.463561,1.540939,1.481404,1.397565
1174.456,1.456915,1.534629,1.477254,1.391874
1176.384,1.446966,1.52425,1.472156,1.383333
1178.313,1.436044,1.5114,1.466234,1.373505
1180.241,1.421354,1.495096,1.458728,1.361199
1182.17,1.40639,1.47764,1.450032,1.348008
1184.098,1.388862,1.458511,1.440688,1.332533
1186.026,1.370713,1.438652,1.430892,1.316658
1187.955,1.35051,1.416818,1.420399,1.299274
1189.884,1.331013,1.394404,1.409909,1.282494
1191.812,1.310112,1.371233,1.398929,1.26474
1193.74,1.289649,1.348535,1.387932,1.247033
1195.669,1.267943,1.324733,1.376609,1.228663
1197.598,1.246963,1.300983,1.365236,1.210548
1199.526,1.224527,1.276994,1.353354,1.191828
1201.454,1.202405,1.253554,1.34142,1.173275
1203.383,1.179627,1.229783,1.329506,1.154254
1205.312,1.157505,1.206499,1.31728,1.135723
1207.24,1.134712,1.182922,1.304792,1.117038
1209.168,1.112465,1.159958,1.292739,1.099004
1211.097,1.089983,1.137479,1.280783,1.080901
1213.026,1.068641,1.116126,1.269024,1.063704
1214.954,1.047731,1.095558,1.257944,1.047064
1216.882,1.027945,1.075855,1.24707,1.031328
1218.811,1.008806,1.057385,1.236518,1.015971
1220.74,0.990979,1.040217,1.226592,1.001668
1222.668,0.9738342,1.023873,1.217616,0.9882154
1224.597,0.9580139,1.00857,1.208934,0.975767
1226.525,0.9428137,0.9943296,1.200781,0.963928
1228.453,0.9289827,0.9811423,1.193176,0.9531696
1230.382,0.916094,0.9688714,1.186014,0.9430761
1232.311,0.9044377,0.9576746,1.179539,0.933696
1234.239,0.8934946,0.9471973,1.173733,0.9251757
1236.167,0.8835049,0.9372625,1.168109,0.9174169
1238.096,0.8739215,0.9281133,1.162661,0.9100311
1240.025,0.8650506,0.9197688,1.15752,0.9033338
1241.953,0.8564501,0.9119793,1.152889,0.897007
1243.881,0.8483628,0.904525,1.148326,0.890927
1245.81,0.8405418,0.897535,1.144175,0.8850846
1247.739,0.8333952,0.8910853,1.140226,0.8796248
1249.667,0.8263269,0.8850604,1.136521,0.8743575
1251.595,0.8197378,0.8794572,1.132896,0.8693696
1253.524,0.8138577,0.8742674,1.129525,0.8648018
1255.453,0.808683,0.8695261,1.126563,0.8606523
1257.381,0.8038025,0.8654843,1.124159,0.8568188
1259.309,0.7997307,0.8616084,1.121656,0.8534844
1261.238,0.7961644,0.8580675,1.119176,0.8505421
1263.167,0.7925548,0.8550975,1.117161,0.8475276
1265.095,0.7890262,0.8521911,1.115249,0.8445681
1267.023,0.7857292,0.8494411,1.113223,0.8419386
1268.952,0.7823976,0.8470334,1.111443,0.8392544
1270.88,0.7797708,0.8448117,1.109562,0.8368371
1272.809,0.7775537,0.8429405,1.108005,0.8348104
1274.737,0.7754419,0.8416189,1.107076,0.8329335
1276.666,0.7737147,0.8405246,1.10625,0.8312482
1278.594,0.7725606,0.8396152,1.105495,0.8300164
1280.523,0.7716056,0.8390628,1.105123,0.8290881
1282.451,0.7710794,0.8388717,1.104659,0.8283908
1284.38,0.7704334,0.8388683,1.104292,0.8278198
1286.308,0.7699272,0.8390232,1.104177,0.8273031
1288.237,0.7701534,0.8394922,1.103985,0.827176
1290.165,0.7709129,0.8403854,1.104178,0.8273545
1292.094,0.7714688,0.8414807,1.104617,0.8275223
1294.022,0.7723888,0.8430158,1.105139,0.8279767
1295.951,0.7736262,0.8449324,1.105938,0.8287308
1297.879,0.7754545,0.8470797,1.106799,0.8298858
1299.808,0.7773591,0.8496369,1.108176,0.8311012
1301.736,0.7799266,0.8526558,1.109889,0.8326908
1303.665,0.782798,0.8561697,1.111785,0.8346313
1305.593,0.7864034,0.8600834,1.113907,0.8370989
1307.522,0.7905451,0.8644161,1.116355,0.839855
1309.45,0.7953202,0.8695405,1.119067,0.8430609
1311.379,0.7999089,0.8750561,1.122484,0.8464798
1313.307,0.8068321,0.881282,1.125506,0.8509845
1315.236,0.8136289,0.8884098,1.129624,0.8555684
1317.164,0.8205656,0.8960497,1.133882,0.8605472
1319.093,0.8298504,0.9045381,1.137725,0.8668274
1321.021,0.8399065,0.91419570000000006,1.142575,0.8736519
1322.95,0.8490026,0.9243191,1.148241,0.8803013
1324.878,0.8596802,0.935192,1.153925,0.8880579
1326.807,0.8706155,0.946548,1.160205,0.8961605
1328.735,0.8828152,0.9585984,1.166511,0.9050273
1330.664,0.895202,0.9711071,1.173377,0.9142958
1332.592,0.9081925,0.9838731,1.180631,0.9240111
1334.521,0.919873,0.9962879,1.188201,0.9330736
1336.449,0.9310327,1.007999,1.195265,0.9420603
1338.378,0.9419166,1.018349,1.200982,0.9511133
1340.306,0.95699,1.029553,1.205321,0.962403
1342.235,0.9653659,1.039987,1.212271,0.9698799
1344.163,0.9706374,1.048259,1.218344,0.9756778
1346.092,0.9756819,1.055019,1.222921,0.981459
1348.02,0.9799631,1.060564,1.22703,0.9865048
1349.949,0.9834001,1.064686,1.230254,0.9909421
1351.877,0.9857749,1.068155,1.23352,0.9945914
1353.806,0.9865535,1.070266,1.236254,0.9970183
1355.734,0.9876865,1.071663,1.23799,0.9992337
1357.663,0.9865866,1.072349,1.240079,1.00019
1359.591,0.9842278,1.072238,1.242138,1.000421
1361.52,0.9818567,1.069972,1.24183,1.000203
1363.448,0.9843255,1.0674,1.238981,1.002154
1365.377,0.9815977,1.067578,1.241768,1.001773
1367.305,0.977941,1.066532,1.243767,1.00067
1369.234,0.9766232,1.064036,1.242916,1.000492
1371.162,0.9738377,1.062933,1.24428,0.9996765
1373.091,0.9706471,1.060395,1.244424,0.9982549
1375.019,0.9739978,1.057478,1.2409,0.9997457
1376.948,0.9730828,1.057958,1.243025,0.9997754
1378.876,0.9736492,1.058457,1.244424,1.000045
1380.805,0.9791477,1.060425,1.246245,1.001649
1382.733,0.9903707,1.064508,1.249443,1.004649
1384.662,0.9930786,1.066492,1.252641,1.005429
1386.59,0.9849806,1.062925,1.250586,1.004716
1388.519,0.9789911,1.060612,1.247791,1.00592
1390.447,0.9758857,1.063005,1.251437,1.006675
1392.376,0.9727332,1.064929,1.255347,1.006515
1394.304,0.9745621,1.065124,1.255004,1.008275
1396.233,0.9796825,1.066704,1.254941,1.011639
1398.161,0.9807507,1.069144,1.257732,1.012798
1400.09,0.9855455,1.070998,1.25755,1.015707
1402.018,0.9834636,1.073699,1.262163,1.015678
1403.947,0.9816399,1.073235,1.2634320000000001,1.015002
1405.875,0.9840329,1.07207,1.26215,1.016197
1407.804,0.9816607,1.072132,1.264139,1.015408
1409.732,0.9782251,1.070656,1.26487,1.013605
1411.661,0.9750359,1.067304,1.263443,1.011473
1413.589,0.96999,1.064538,1.263613,1.008578
1415.518,0.9621954,1.060972,1.264183,1.004187
1417.446,0.9547149,1.054806,1.261769,0.9992143
1419.375,0.9547009,1.044921,1.251422,0.9966847
1421.303,0.948871,1.043367,1.253551,0.993633
1423.232,0.9398133,1.03903,1.25422,0.988364
1425.16,0.9357755,1.031996,1.249703,0.9847661
1427.089,0.9266164,1.027907,1.250753,0.9792939
1429.017,0.9194121,1.020311,1.24683,0.973916
1430.946,0.9135411,1.011641,1.24142,0.9689399
1432.874,0.9054859,1.005954,1.24035,0.9636329
1434.803,0.8943083,0.999539,1.239952,0.9565336
1436.731,0.8915502,0.9858393,1.227627,0.951453
1438.66,0.8861846,0.9801774,1.224363,0.9476884
1440.588,0.8768657,0.9764203,1.22525,0.9422612
1442.517,0.8692386,0.9695699,1.222395,0.9366794
1444.445,0.8616509,0.9631895,1.219924,0.9313114
1446.374,0.8536125,0.9564175,1.217016,0.925551
1448.302,0.8501437,0.9475284,1.209453,0.9211265
1450.231,0.8443089,0.9428086,1.207845,0.9168339
1452.159,0.8371557,0.9380049,1.206766,0.9119046
1454.088,0.8275994,0.9332429,1.206987,0.905898
1456.016,0.8177994,0.9215975,1.200403,0.896808
1457.945,0.828214,0.9073101,1.17985,0.89728
1459.873,0.8246264,0.9121255,1.186558,0.8977879
1461.802,0.8149165,0.9136993,1.193398,0.8938156
1463.73,0.8079043,0.9088411,1.192259,0.8891104
1465.659,0.8100827,0.9018876,1.183976,0.8883131
1467.587,0.8058819,0.9012082,1.185624,0.8862568
1469.516,0.7975742,0.9001072,1.189067,0.8821312
1471.444,0.7900648,0.8926834,1.185467,0.8764363
1473.373,0.7965246,0.8831759,1.172124,0.877377
1475.301,0.7946583,0.8842414,1.174624,0.8775486
1477.23,0.7938903,0.8843533,1.175259,0.8777202
1479.158,0.7891732,0.8850568,1.178445,0.876146
1481.087,0.7874385,0.8833222,1.177415,0.8752356
1483.015,0.7868725,0.8820225,1.176871,0.8749762
1484.944,0.7822564,0.8817777,1.179587,0.8730651
1486.872,0.778625,0.8786228,1.178179,0.8707094
1488.801,0.7791466,0.873513,1.172259,0.869582
1490.729,0.7885765,0.8715088,1.165808,0.8738026
1492.658,0.7860318,0.8768122,1.173342,0.8748611
1494.586,0.7785972,0.8779743,1.178715,0.8719221
1496.515,0.7810651,0.8736434,1.173195,0.87183
1498.443,0.7868791,0.8728175,1.170184,0.8747557
1500.372,0.7884719,0.87577989999999994,1.173188,0.8769619
1502.3,0.7854152,0.878225,1.178292,0.8765914
1504.229,0.7767026,0.8777497,1.183618,0.8718802
1506.157,0.7720152,0.8586595,1.167876,0.86011
1508.086,0.8007427,0.8589929,1.153013,0.8761684
1510.014,0.7956433,0.874057,1.170685,0.881139
1511.943,0.7939317,0.8792411,1.177214,0.8825393
1513.871,0.7904361,0.8816887,1.182315,0.8819192
1515.8,0.7881799,0.8797103,1.182036,0.8804136
1517.728,0.7957727,0.8775058,1.176415,0.8839568
1519.657,0.789343,0.8794902,1.182884,0.8815945
1521.585,0.7973424,0.8719518,1.171326,0.8832374
1523.514,0.8026698,0.880565,1.177968,0.8899345
1525.442,0.8005393,0.884077,1.183028,0.8903216
1527.371,0.8065947,0.8870444,1.183078,0.8947864
1529.299,0.8070428,0.8914064,1.188005,0.8970282
1531.228,0.8018295,0.8944989,1.194984,0.8958008
1533.156,0.8059049,0.8904539,1.188936,0.8967639
1535.085,0.8143887,0.8944291,1.18928,0.9034655
1537.013,0.8031862,0.89803,1.199969,0.8992651
1538.942,0.7965832,0.8865922,1.193389,0.8901789
1540.87,0.8174159,0.8736733,1.169688,0.8964998
1542.799,0.8213452,0.8908855,1.185083,0.9070627
1544.727,0.8256221,0.8984191,1.190657,0.9128997
1546.656,0.8260252,0.9066049,1.19967,0.9167095
1548.584,0.8210413,0.9096174,1.206344,0.9159967
1550.513,0.8269743,0.9098371,1.204287,0.9202383
1552.441,0.8242973,0.9122933,1.208965,0.9205236
1554.37,0.824805,0.9116414,1.20854,0.921316
1556.298,0.8197192,0.9100522,1.210551,0.9183384
1558.227,0.8159479,0.8873848,1.192081,0.9047535
1560.155,0.8544945,0.8998404,1.184954,0.9322789
1562.084,0.84274,0.9187928,1.210164,0.9358433
1564.012,0.8385066,0.9227252,1.216894,0.9358802
1565.941,0.8418992,0.9249024,1.218469,0.9388673
1567.869,0.8378191,0.9264058,1.223252,0.9376853
1569.798,0.8488485,0.9242082,1.216462,0.9427381
1571.726,0.8528205,0.9297581,1.22165,0.9471784
1573.655,0.8456517,0.9339113,1.230931,0.9454679
1575.583,0.8483285,0.9304035,1.226632,0.9453523
1577.512,0.8653411,0.9327623,1.221518,0.9545512
1579.44,0.8633775,0.9395136,1.230803,0.9561984
1581.369,0.8640982,0.9427254,1.235207,0.9577451
1583.297,0.8669196,0.9447387,1.2372,0.9597533
1585.226,0.8704719,0.9471965,1.239275,0.9621201
1587.154,0.8732186,0.949439,1.241635,0.9640694
1589.083,0.8768084,0.9516187,1.243821,0.9662347
1591.011,0.8805224,0.9536277,1.245658,0.9682125
1592.94,0.8842436,0.9560249,1.24809,0.9702908
1594.868,0.8891187,0.9576185,1.249181,0.9726878
1596.797,0.8952663,0.9604353,1.251025,0.975715
1598.725,0.8987262,0.9633234,1.254285,0.9775081
1600.654,0.9031738,0.9658624,1.256774,0.9796311
1602.582,0.9090621,0.9675341,1.257802,0.9820722
1604.511,0.9155064,0.9704113,1.2604630000000001,0.9849399
1606.439,0.9192119,0.9727848,1.263643,0.9863624
1608.368,0.9269673,0.9745202,1.264276,0.9890698
1610.296,0.9347429,0.9768879,1.265591,0.9921298
1612.225,0.9404757,0.9808296,1.269746,0.9948303
1614.153,0.9395297,0.9832547,1.275603,0.9939296
1616.082,0.9480053,0.9805667,1.271911,0.994863
1618.01,0.9670969,0.9827335,1.267747,1.002939
1619.939,0.966172,0.9899374,1.27801,1.003997
1621.867,0.965525,0.9911272,1.282087,1.002829
1623.796,0.980484,0.9918793,1.277569,1.008293
1625.724,0.982648,0.9972687,1.283294,1.010355
1627.653,0.9865452,0.9996583,1.285578,1.012203
1629.581,0.9931793,1.002176,1.286551,1.01548
1631.51,0.9918001,1.006062,1.293077,1.015414
1633.438,0.9860592,1.006139,1.297504,1.01176
1635.367,0.992352,0.9979491,1.286699,1.010258
1637.295,1.008467,0.9997414,1.281064,1.019607
1639.224,1.004307,1.007259,1.291885,1.020647
1641.152,1.002025,1.009349,1.295593,1.020434
1643.081,0.9981429,1.010676,1.299799,1.019019
1645.009,0.9906142,1.007415,1.301289,1.014023
1646.938,0.9999422,0.9964906,1.285311,1.015236
1648.866,1.002552,1.002497,1.288886,1.020712
1650.795,0.9863701,1.006616,1.301801,1.013729
1652.723,0.9847777,0.9836673,1.280606,1.00203
1654.652,1.004651,0.9900152,1.274787,1.020597
1656.58,0.9921521,1.001376,1.291652,1.021441
1658.509,0.9836572,1.003536,1.297867,1.019828
1660.437,0.9757763,1.002071,1.300002,1.017279
1662.366,0.9740766,0.9965741,1.294102,1.016428
1664.294,0.9746244,0.9947857,1.290965,1.018427
1666.223,0.9636804,0.9968536,1.298643,1.015398
1668.151,0.9553947,0.9914513,1.297275,1.010813
1670.08,0.9587756,0.9826533,1.285184,1.012016
1672.008,0.9550871,0.9842503,1.287658,1.013288
1673.937,0.9453714,0.9839101,1.292441,1.009737
1675.865,0.9484648,0.9777861,1.283625,1.011332
1677.794,0.9406338,0.980437,1.289717,1.010772
1679.722,0.9324628,0.9781803,1.291076,1.007949
1681.651,0.9230309,0.9748383,1.292296,1.003167
1683.579,0.9190316,0.958629,1.277802,0.9943744
1685.508,0.9322035,0.9578674,1.268702,1.004981
1687.436,0.9202859,0.9657117,1.282071,1.00448
1689.365,0.9162169,0.9643515,1.282241,1.003532
1691.293,0.9128193,0.9634832,1.283072,1.00298
1693.222,0.9021623,0.9640233,1.289629,0.998794
1695.15,0.8952889,0.9551433,1.284574,0.9923455
1697.079,0.898751,0.9470246,1.273969,0.9928679
1699.007,0.889447,0.9438507,1.275478,0.9867638
1700.936,0.9021442,0.9373056,1.262342,0.99205
1702.864,0.8925732,0.9466547,1.276578,0.9936796
1704.793,0.8858684,0.9450415,1.278479,0.9909126
1706.721,0.8904653,0.9419432,1.273135,0.9934828
1708.65,0.8863243,0.9444691,1.278401,0.9935728
1710.578,0.8827242,0.9441701,1.28041,0.9927331
1712.507,0.8764712,0.943175,1.283247,0.9902447
1714.435,0.8709092,0.9374989,1.280827,0.9862762
1716.364,0.8699202,0.9280007,1.27269,0.9824201
1718.292,0.8827134,0.9234087,1.261322,0.9884594
1720.221,0.8783687,0.9318259,1.272136,0.9917724
1722.149,0.8703778,0.9338518,1.278789,0.9896085
1724.078,0.8693219,0.9313536,1.27726,0.989066
1726.006,0.8658319,0.9304218,1.278319,0.9878555
1727.935,0.8599907,0.9290403,1.28008,0.985171
1729.863,0.8562478,0.9245052,1.277434,0.9825768
1731.792,0.8491228,0.9207345,1.277829,0.978205
1733.72,0.8509385,0.9081878,1.264085,0.9740377
1735.649,0.8585972,0.9098715,1.261372,0.9804549
1737.577,0.8451008,0.9152566,1.274016,0.97684
1739.506,0.8433222,0.910058,1.26943,0.9743595
1741.434,0.8413541,0.9081705,1.268778,0.9734829
1743.363,0.836991,0.906045,1.268896,0.9716039
1745.291,0.8323443,0.9040421,1.269308,0.9694625
1747.22,0.825892,0.9005229,1.268693,0.9657376
1749.148,0.8252702,0.8945608,1.262579,0.9638453
1751.077,0.8279816,0.8913524,1.257824,0.9649828
1753.005,0.8261313,0.89353,1.261249,0.9661916
1754.934,0.8170841,0.8950908,1.267782,0.9631464
1756.862,0.8168892,0.8903223,1.262688,0.9619181
1758.791,0.8139068,0.8895153,1.263575,0.9610914
1760.719,0.8089151,0.8871719,1.263887,0.9584396
1762.648,0.8125272,0.8824524,1.257199,0.9592895
1764.576,0.808192,0.8840176,1.261743,0.9586021
1766.505,0.8014675,0.8830066,1.264787,0.9556251
1768.433,0.8003626,0.8787347,1.261136,0.9541717
1770.362,0.7934999,0.8760698,1.262406,0.9503518
1772.29,0.7988608,0.8670775,1.250151,0.9501558
1774.219,0.8008434,0.8690174,1.251137,0.9530956
1776.147,0.7960081,0.8713448,1.256315,0.9523057
1778.076,0.7909376,0.8714865,1.259714,0.9506222
1780.004,0.789288,0.8682705,1.257584,0.9492054
1781.932,0.7896521,0.8663599,1.255766,0.9494277
1783.861,0.7859356,0.8656703,1.257391,0.9480649
1785.79,0.7862893,0.8633457,1.254996,0.9480024
1787.718,0.7822365,0.8635234,1.257794,0.9467181
1789.646,0.7752954,0.8622142,1.260639,0.9434092
1791.575,0.7755005,0.8550473,1.253119,0.9411554
1793.504,0.7808213,0.8522214,1.247621,0.943596
1795.432,0.7763787,0.8543731,1.252601,0.9430988
1797.36,0.7728298,0.8539717,1.254457,0.941784
1799.289,0.7697511,0.8519472,1.254392,0.9401318
1801.218,0.7717014,0.8482549,1.249794,0.9404793
1803.146,0.7710103,0.8481333,1.25073,0.9407884
1805.074,0.767783,0.8482772,1.25296,0.9399216
1807.003,0.7645357,0.8473445,1.253955,0.9385776
1808.932,0.7622029,0.845212,1.253284,0.9371421
1810.86,0.7624554,0.8421655,1.250473,0.9366812
1812.788,0.763195,0.8409463,1.249207,0.9371817
1814.717,0.7596222,0.8415819,1.252289,0.9361956
1816.646,0.7581259,0.8399141,1.251646,0.9353846
1818.574,0.7572944,0.8385655,1.251022,0.9351059
1820.502,0.755357,0.8376109,1.251221,0.9344704
1822.431,0.7514644,0.8368846,1.2528030000000001,0.9328058
1824.359,0.7506809,0.8331988,1.249839,0.9314733
1826.288,0.7517092,0.8315189,1.248138,0.9318027
1828.217,0.7456345,0.8311589,1.251322,0.9292334
1830.145,0.7509415,0.8257459,1.242964,0.9301104
1832.073,0.7511985,0.8276054,1.245419,0.9316388
1834.002,0.7465941,0.8291426,1.249845,0.9305434
1835.931,0.7449843,0.8278592,1.249632,0.9298514
1837.859,0.745119,0.8263109,1.248271,0.9297664
1839.787,0.7434455,0.826183,1.249618,0.9293624
1841.716,0.7374368,0.8259395,1.253203,0.9267665
1843.645,0.7384275,0.8201643,1.246924,0.9253993
1845.573,0.743853,0.818175,1.242243,0.9279293
1847.501,0.7411493,0.820257,1.246212,0.928045
1849.43,0.7404502,0.8204561,1.247273,0.9282266
1851.359,0.7385105,0.8207861,1.249206,0.9279295
1853.287,0.7375681,0.8200362,1.24931,0.9276831
1855.215,0.7364791,0.8194406,1.2495,0.9274458
1857.144,0.7356567,0.81861,1.249323,0.9271747
1859.073,0.7350966,0.81773,1.248936,0.9269544
1861.001,0.7347773,0.8169435,1.248876,0.9268604
1862.929,0.7336128,0.8166097,1.249917,0.9266708
1864.858,0.7304559,0.8163719,1.251925,0.9255105
1866.786,0.72693,0.8140277,1.251735,0.9233646
1868.715,0.7320207,0.8086738,1.243535,0.9241
1870.643,0.7353778,0.8097044,1.243377,0.9267066
1872.572,0.731872,0.8124113,1.248655,0.9265577
1874.5,0.730206,0.8124931,1.250053,0.9262281
1876.429,0.7295035,0.8119003,1.250284,0.9261147
1878.357,0.728943,0.8111037,1.25014,0.9260398
1880.286,0.7283968,0.8104327,1.250105,0.9259638
1882.214,0.7273842,0.809899,1.250659,0.9257584
1884.143,0.7268425,0.8089824,1.250384,0.9255454
1886.071,0.7258568,0.8085455,1.250894,0.9252512
1888,0.7232158,0.8077999,1.251833,0.9240738
1889.928,0.7263148,0.8047279,1.247393,0.9248477
1891.857,0.7257375,0.805698,1.249544,0.9253588
1893.785,0.7228984,0.8057721,1.251661,0.9245654
1895.714,0.7243876,0.8041284,1.249727,0.9250275
1897.642,0.7239766,0.8042183,1.250565,0.9252205
1899.571,0.722761,0.804247,1.251333,0.9250765
1901.499,0.7220725,0.8037355,1.251422,0.924929
1903.428,0.7216111,0.8031752,1.251684,0.9249873
1905.356,0.7206552,0.8027718,1.252186,0.9249083
1907.285,0.7193713,0.8021581,1.25279,0.9244141
1909.213,0.7200747,0.8004426,1.251179,0.9243551
1911.142,0.7211921,0.8001497,1.25069,0.9250536
1913.07,0.7198701,0.8007733,1.252667,0.9252098
1914.999,0.7176659,0.8010696,1.254707,0.9246985
1916.927,0.7164059,0.7993992,1.253909,0.9237684
1918.856,0.720268,0.797313,1.250104,0.9251786
1920.784,0.7169715,0.7989164,1.254198,0.9247447
1922.713,0.7178755,0.7971702,1.252097,0.9248461
1924.641,0.7198644,0.7971908,1.251461,0.9260461
1926.57,0.7181435,0.7983674,1.254213,0.9259843
1928.498,0.717565,0.7983075,1.254885,0.9260755
1930.427,0.7172354,0.798083,1.255331,0.9261795
1932.355,0.7169579,0.7976889,1.25565,0.9263328
1934.284,0.7170748,0.7973304,1.255589,0.9265741
1936.212,0.7168356,0.7972691,1.256063,0.9266839
1938.141,0.7165011,0.7972274,1.256734,0.926827
1940.069,0.7140927,0.797427,1.258798,0.9262064
1941.998,0.7148991,0.795215,1.256246,0.9260195
1943.926,0.717906,0.7943777,1.254198,0.9273905
1945.855,0.7168199,0.7955816,1.2564,0.9277225
1947.783,0.7169244,0.7958404,1.257182,0.9282311
1949.712,0.7164196,0.7962654,1.258706,0.9284618
1951.64,0.7163723,0.7961948,1.259134,0.9287296
1953.569,0.715992,0.7962217,1.25981,0.9288047
1955.497,0.7166724,0.7958128,1.259596,0.9292426
1957.426,0.7166655,0.7961267,1.260439,0.9296339
1959.354,0.716593,0.7962437,1.26111,0.9299809
1961.283,0.7167661,0.7961923,1.261417,0.9304021
1963.211,0.7166476,0.7963443,1.262023,0.9307095
1965.14,0.7153582,0.7964534,1.263319,0.9303833
1967.068,0.7171713,0.7950863,1.26127,0.9309606
1968.997,0.7186142,0.7955843,1.261671,0.932006
1970.925,0.7178508,0.7966022,1.26368,0.9323173
1972.854,0.7179518,0.7969365,1.264271,0.9327585
1974.782,0.7181694,0.7970831,1.264636,0.9332125
1976.711,0.7185823,0.7972166,1.265054,0.9336156
1978.639,0.7188339,0.7973849,1.265559,0.933934
1980.568,0.7191412,0.7976249,1.266056,0.9344697
1982.496,0.7193567,0.7977564,1.266581,0.9349704
1984.425,0.7195892,0.7980657,1.267372,0.9354703
1986.353,0.7192985,0.7982726,1.268352,0.9357112
1988.282,0.7197665,0.7980894,1.2685,0.9361287
1990.21,0.719122,0.7981886,1.269545,0.9361781
1992.139,0.7209942,0.7971712,1.267777,0.9369701
1994.067,0.7225965,0.7978458,1.268283,0.9381828
1995.996,0.7216534,0.7992375,1.270876,0.9384201
1997.924,0.7219422,0.799376,1.271251,0.9389018
1999.853,0.7223952,0.7995982,1.271688,0.9394467
2001.781,0.7228543,0.7999001,1.272267,0.9400167
2003.71,0.7230481,0.8002459,1.273008,0.9405081
2005.638,0.723426,0.8003713,1.273557,0.9410897
2007.567,0.7237754,0.8006063,1.274248,0.9416406
2009.495,0.7243927,0.8008009,1.274679,0.9423295
2011.424,0.7247065,0.8012801,1.275421,0.9428899
2013.352,0.7248901,0.8017119,1.276445,0.9433931
2015.281,0.7244464,0.8019671,1.277383,0.9437402
2017.209,0.7260048,0.8013166,1.276373,0.9445928
2019.138,0.7272229,0.8018958,1.277223,0.9455993
2021.066,0.7272012,0.8027488,1.278855,0.9463595
2022.995,0.727559,0.8033516,1.279606,0.9470373
2024.923,0.7281534,0.8037219,1.280189,0.9477429
2026.852,0.728709,0.8041788,1.281106,0.9485682
2028.78,0.7293659,0.8045673,1.281685,0.9493641
2030.709,0.729873,0.80511,1.282516,0.9500228
2032.637,0.7304987,0.8056,1.283261,0.9507756
2034.566,0.7310754,0.8062536,1.284166,0.9515493
2036.494,0.7317795,0.8066642,1.284962,0.9523142
2038.423,0.7320835,0.8072873,1.286135,0.953118
2040.351,0.7326146,0.8075026,1.286607,0.9538228
2042.28,0.7339288,0.807774,1.286722,0.9547687
2044.208,0.7345713,0.8085024,1.287653,0.9557045
2046.137,0.7350742,0.8092913,1.28872,0.9565322
2048.065,0.7357444,0.809897,1.289576,0.9573579
2049.994,0.736315,0.8105245,1.290557,0.9581887
2051.922,0.7369518,0.8109724,1.291408,0.9590888
2053.851,0.7376841,0.8116049,1.29227,0.9599308
2055.779,0.7383622,0.8122227,1.292967,0.9607904
2057.708,0.7388933,0.8128159,1.293747,0.9616239
2059.636,0.7394665,0.813213,1.29429,0.9623889
2061.565,0.7399472,0.8138918,1.295322,0.9631667
2063.493,0.740154,0.8142416,1.296282,0.9638409
2065.422,0.7415524,0.8142285,1.296159,0.9648079
2067.35,0.7423434,0.8149342,1.29709,0.9658291
2069.279,0.7425022,0.8158225,1.298254,0.9665769
2071.207,0.7430134,0.8163195,1.298956,0.9673172
2073.136,0.743494,0.8168306,1.299744,0.9680833
2075.064,0.7441335,0.8172087,1.300457,0.968892
2076.993,0.7446792,0.8176787,1.301314,0.9696996
2078.921,0.7452354,0.8181075,1.302079,0.9705633
2080.85,0.7457258,0.8187658,1.30287,0.9713389
2082.778,0.7463384,0.8192326,1.303492,0.9720964
2084.707,0.7468187,0.8197799,1.304294,0.9728813
2086.635,0.7472385,0.8202929,1.30507,0.9736445
2088.564,0.7476497,0.8208068,1.305929,0.9743406
2090.492,0.7485944,0.8211254,1.306132,0.9752809
2092.421,0.7492318,0.8218186,1.30723,0.9761859
2094.349,0.7497168,0.8224165,1.308198,0.9769929
2096.278,0.750294,0.823058,1.308826,0.97785
2098.206,0.7508689,0.8235899,1.309593,0.9787722
2100.135,0.7514573,0.8241953,1.310482,0.979571
2102.063,0.7520185,0.8247445,1.31114,0.9802812
2103.992,0.7525813,0.8254267,1.312047,0.9811885
2105.92,0.753212,0.8260376,1.312822,0.9821652
2107.849,0.7538657,0.8267161,1.31373,0.9830915
2109.777,0.7545388,0.8273219,1.314424,0.9839689
2111.706,0.755111,0.8280346,1.315073,0.9848467
2113.634,0.7556739,0.8286095,1.315731,0.9857234
2115.563,0.7564191,0.8291707,1.316491,0.9866565
2117.491,0.7570629,0.8298641,1.317446,0.9876364
2119.42,0.7576479,0.8306643,1.31825,0.9885796
2121.348,0.7583134,0.8312264,1.318944,0.989438
2123.277,0.7589785,0.8318882,1.319807,0.9902457
2125.205,0.7595748,0.8325427,1.320797,0.9911229
2127.134,0.7602036,0.8332317,1.321645,0.9919831
2129.062,0.7608635,0.8337643,1.322118,0.992962
2130.991,0.7614894,0.8344361,1.322919,0.9939656
2132.919,0.7621015,0.8351255,1.323832,0.9949772
2134.848,0.762638,0.8358603,1.324847,0.9958869
2136.776,0.7633382,0.836396,1.325449,0.9967244
2138.705,0.7639986,0.8370999,1.326281,0.9975967
2140.633,0.7646167,0.8377619,1.327205,0.9986278
2142.562,0.7651233,0.8385025,1.32827,0.9996554
2144.49,0.7657516,0.8391228,1.329295,1.00064
2146.419,0.7664659,0.8398239,1.330082,1.001538
2148.347,0.76715,0.840504,1.330785,1.002488
2150.276,0.7677164,0.8412796,1.331751,1.003468
2152.204,0.7683148,0.8419365,1.332515,1.004343
2154.133,0.7689326,0.8426679,1.332933,1.005285
2156.061,0.7695717,0.8433506,1.333598,1.006336
2157.99,0.7702217,0.8441235,1.334751,1.007322
2159.918,0.7708473,0.8447582,1.33577,1.008139
2161.847,0.7715776,0.8454468,1.336651,1.009065
2163.775,0.7723,0.8461681,1.337507,1.010085
2165.704,0.7729213,0.8470266,1.338554,1.011064
2167.632,0.7735554,0.8477485,1.339321,1.012079
2169.561,0.7742243,0.8484637,1.340254,1.013147
2171.489,0.7749744,0.8490723,1.341231,1.014203
2173.418,0.7757133,0.8498619,1.342022,1.015215
2175.346,0.7764357,0.8506907,1.342867,1.01621
2177.275,0.7771694,0.851564,1.343561,1.017194
2179.203,0.7778821,0.8523139,1.344472,1.018288
2181.132,0.7785568,0.8531554,1.345661,1.019341
2183.06,0.7793691,0.8539132,1.346427,1.020364
2184.989,0.7801035,0.8547883,1.347166,1.021324
2186.917,0.7809034,0.8556334,1.348071,1.022446
2188.846,0.7817202,0.8565459,1.349173,1.02369
2190.774,0.7825245,0.8573439,1.350124,1.024726
2192.703,0.7833098,0.8581921,1.351017,1.025605
2194.631,0.7839985,0.859028,1.351846,1.026544
2196.56,0.7846867,0.8599175,1.352545,1.027539
2198.488,0.7854604,0.8605974,1.353216,1.028669
2200.417,0.7862411,0.861384,1.354125,1.029772
2202.345,0.7869627,0.8621284,1.355095,1.030707
2204.274,0.7876571,0.8628433,1.356394,1.031634
2206.202,0.7883183,0.8635136,1.357247,1.032587
2208.131,0.7889717,0.8643441,1.357888,1.033596
2210.059,0.7897223,0.8650202,1.358579,1.034608
2211.988,0.790407,0.8656956,1.359464,1.035502
2213.916,0.7910402,0.8664209,1.360318,1.036411
2215.845,0.7916738,0.8671963,1.361168,1.037366
2217.773,0.7923529,0.8678102,1.36196,1.038368
2219.702,0.7929571,0.868425,1.362992,1.039295
2221.63,0.7935336,0.8690329,1.363925,1.040227
2223.559,0.794131,0.8697914,1.364721,1.041145
2225.487,0.7948123,0.8704857,1.365413,1.041985
2227.416,0.7955314,0.8713085,1.366381,1.04278
2229.344,0.7962504,0.8719153,1.36713,1.043715
2231.273,0.7969397,0.8725895,1.367687,1.044636
2233.201,0.7976002,0.873314,1.368336,1.045522
2235.13,0.7982533,0.8741223,1.369526,1.046472
2237.058,0.7989643,0.8748409,1.370578,1.047409
2238.987,0.7996525,0.8756864,1.371396,1.048329
2240.915,0.800441,0.8764969,1.372125,1.049419
2242.844,0.8013121,0.877336,1.3728070000000001,1.050487
2244.772,0.8021803,0.8781252,1.373648,1.051509
2246.701,0.8030324,0.8791338,1.374773,1.052519
2248.629,0.8039033,0.8800073,1.375975,1.053511
2250.558,0.8047854,0.8809132,1.377049,1.054453
2252.486,0.8057095,0.8817738,1.37754,1.055591
2254.415,0.8066629,0.8827401,1.378395,1.056838
2256.343,0.8076606,0.8836817,1.37959,1.057964
2258.272,0.8086023,0.8846811,1.380627,1.058907
2260.2,0.8095189,0.8855851,1.381598,1.059984
2262.129,0.8104961,0.8866177,1.382652,1.0611679999999999
2264.057,0.811542,0.8875805,1.383453,1.062382
2265.986,0.8125466,0.8886378,1.384414,1.063555
2267.914,0.8135905,0.8895918,1.385508,1.064722
2269.843,0.8146488,0.8906738,1.386646,1.065913
2271.771,0.8156135,0.891766,1.387655,1.067105
2273.7,0.816604,0.8928993,1.388581,1.068323
2275.628,0.8176724,0.8939596,1.389573,1.069556
2277.557,0.8187479,0.8951099,1.390779,1.070741
2279.485,0.8197596,0.8961278,1.391869,1.071946
2281.414,0.8207527,0.8973425,1.392941,1.073173
2283.342,0.8217525,0.8985326,1.394082,1.074394
2285.271,0.8227453,0.8996298,1.395511,1.075636
2287.199,0.8238834,0.9005835,1.396772,1.076834
2289.128,0.8250685,0.9016119,1.39784,1.07803
2291.056,0.8263025,0.9027386,1.398937,1.079314
2292.985,0.827554,0.9038944,1.399901,1.080462
2294.913,0.8288323,0.9047698,1.400757,1.081726
2296.842,0.8300354,0.9057426,1.40153,1.083058
2298.77,0.8311599,0.9067221,1.402572,1.084167
2300.698,0.8323312,0.907738,1.403567,1.085153
2302.627,0.8335,0.9085838,1.404473,1.086255
2304.556,0.8346077,0.9094759,1.405882,1.087213
2306.484,0.8358226,0.9102233,1.406769,1.088158
2308.413,0.8371376,0.910796,1.406983,1.08917
2310.341,0.8384218,0.9111016,1.407529,1.090036
2312.27,0.8398865,0.9113218,1.407447,1.09084
2314.198,0.841152,0.9116598,1.407918,1.091623
2316.126,0.8418012,0.9123113,1.40927,1.091952
2318.055,0.8426349,0.9121447,1.409818,1.092124
2319.984,0.8443912,0.9115348,1.409138,1.0924
2321.912,0.846223,0.9108043,1.408246,1.092813
2323.841,0.8477863,0.910352,1.40823,1.093509
2325.769,0.8486342,0.9105452,1.408587,1.094138
2327.698,0.8492814,0.91041,1.408064,1.094242
2329.626,0.8507593,0.9093058,1.407019,1.094477
2331.555,0.8527937,0.9090923,1.406641,1.095465
2333.483,0.8538094,0.9101324,1.40785,1.09645
2335.412,0.8544249,0.9108715,1.409103,1.096961
2337.34,0.8554084,0.9108277,1.409099,1.097682
2339.269,0.8565023,0.9109765,1.408888,1.098387
2341.197,0.8580041,0.9109675,1.408806,1.0997
2343.125,0.8597108,0.9118462,1.409168,1.101674
2345.054,0.8631425,0.9135425,1.409825,1.10527
2346.983,0.86384590000000006,0.9194885,1.415197,1.109882
2348.911,0.8580802,0.925318,1.424473,1.110542
2350.84,0.8547767,0.9241592,1.425704,1.107796
2352.768,0.8570693,0.9178844,1.4193,1.104856
2354.697,0.8596634,0.9121873,1.4134,1.101812
2356.625,0.8620637,0.9077275,1.40872,1.100033
2358.553,0.8639777,0.9047565,1.406534,1.099212
2360.482,0.8660028,0.9037403,1.40632,1.099824
2362.411,0.8672826,0.9053033,1.407096,1.101882
2364.339,0.8685341,0.9076341,1.408131,1.104599
2366.268,0.8688794,0.911464,1.410948,1.107576
2368.196,0.8696353,0.9158546,1.414685,1.111943
2370.125,0.8701063,0.9203169,1.419131,1.115988
2372.053,0.8703667,0.9243101,1.422731,1.11937
2373.981,0.8700509,0.9281919,1.426456,1.1225020000000001
2375.91,0.8697848,0.9316224,1.430482,1.125189
2377.839,0.8693895,0.934647,1.434254,1.127328
2379.767,0.8687047,0.936968,1.436954,1.129157
2381.696,0.8677136,0.9389011,1.439015,1.130389
2383.624,0.8667663,0.940222,1.441048,1.131115
2385.552,0.8660038,0.9412348,1.443175,1.131684
2387.481,0.8657318,0.941775,1.444404,1.132316
2389.409,0.8656453,0.9419061,1.445132,1.132836
2391.338,0.8655736,0.9417961,1.44593,1.133545
2393.267,0.8654239,0.9417465,1.446466,1.134053
2395.195,0.8652614,0.9416589,1.446821,1.134343
2397.124,0.8650203,0.9414762,1.447401,1.134624
2399.052,0.8648598,0.9410532,1.44763,1.134999
2400.98,0.864624,0.9408439,1.447843,1.135395
2402.909,0.8644128,0.9406153,1.448146,1.135665
2404.837,0.8641635,0.9402993,1.448355,1.135929
2406.766,0.8638801,0.9399412,1.448443,1.136217
2408.695,0.8635805,0.9397787,1.448812,1.136561
2410.623,0.8634219,0.9394156,1.449248,1.136861
2412.552,0.8631836,0.9390593,1.449856,1.137157
2414.48,0.8629754,0.9387851,1.450438,1.137629
2416.408,0.8628153,0.9385921,1.450763,1.137915
2418.337,0.8627253,0.9382977,1.451074,1.138223
2420.265,0.8623877,0.9380558,1.451573,1.138651
2422.194,0.8621644,0.9377933,1.451822,1.139011
2424.123,0.8621555,0.9376924,1.451788,1.139255
2426.051,0.8620989,0.9374314,1.451925,1.13944
2427.979,0.861814,0.9371474,1.45278,1.139751
2429.908,0.8614953,0.9368,1.453319,1.140089
2431.836,0.8610982,0.9365084,1.453666,1.140336
2433.765,0.8608135,0.9361734,1.453698,1.140749
2435.694,0.8604868,0.9358331,1.453928,1.141044
2437.622,0.8601636,0.9353603,1.454272,1.141173
2439.551,0.8597399,0.9349691,1.454607,1.141298
2441.479,0.8592767,0.9344369,1.454881,1.141512
2443.407,0.8587609,0.933875,1.454919,1.141575
2445.336,0.8582571,0.9331961,1.454578,1.141577
2447.264,0.8576868,0.9326153,1.45471,1.141634
2449.193,0.8570881,0.9320253,1.455085,1.14172
2451.122,0.8564726,0.9313922,1.455396,1.141599
2453.05,0.8557931,0.9305362,1.455578,1.141506
2454.979,0.8550604,0.9297398,1.455899,1.141291
2456.907,0.8543351,0.9290364,1.456096,1.141178
2458.835,0.8535621,0.9282303,1.45605,1.1412
2460.764,0.8527886,0.927337,1.455766,1.141142
2462.692,0.8519333,0.9265497,1.455615,1.141073
2464.621,0.8511676,0.9257307,1.4555,1.140995
2466.55,0.8503499,0.9249743,1.455985,1.140807
2468.478,0.8496481,0.9242014,1.456053,1.140656
2470.406,0.8489275,0.9233798,1.455848,1.140584
2472.335,0.8482164,0.9225498,1.455854,1.140449
2474.263,0.8475246,0.9218956,1.456065,1.14032
2476.192,0.8468675,0.921266,1.455979,1.140412
2478.12,0.8462576,0.92065109999999994,1.455988,1.140378
2480.049,0.8458084,0.9199952,1.456221,1.140395
2481.978,0.8452031,0.9194798,1.45644,1.140318
2483.906,0.8446161,0.9189829,1.456556,1.140316
2485.834,0.8441386,0.9186271,1.456651,1.140266
2487.763,0.8438013,0.9181435,1.456769,1.14023
2489.691,0.8433507,0.917693,1.457222,1.140373
2491.62,0.8429334,0.9172842,1.457767,1.140665
2493.548,0.8425679,0.9169976,1.458082,1.140865
2495.477,0.8422953,0.9166899,1.458132,1.141097
2497.406,0.8419271,0.9163916,1.458169,1.141296
2499.334,0.8415356,0.9160841,1.458416,1.141528
2501.262,0.8412613,0.9159002,1.458738,1.141602
2503.191,0.8410127,0.9155192,1.458921,1.141771
2505.119,0.8407268,0.9151996,1.459102,1.142041
2507.048,0.8405246,0.9148516,1.459183,1.142222
2508.976,0.8401936,0.9145648,1.459454,1.142384
2510.905,0.8398736,0.9141861,1.459945,1.142684
2512.833,0.8394484,0.9138055,1.460457,1.142769
2514.762,0.839101,0.9133242,1.460666,1.142806
2516.69,0.8386812,0.9128618,1.460865,1.142857
2518.619,0.8382043,0.9123613,1.460997,1.14303
2520.547,0.8376907,0.9119074,1.461004,1.143146
2522.476,0.8371236,0.9113113,1.461049,1.143117
2524.404,0.8365047,0.9106755,1.461215,1.143079
2526.333,0.8359306,0.9099054,1.461096,1.143204
2528.261,0.8352054,0.9092252,1.460833,1.143287
2530.19,0.8345142,0.9083933,1.461065,1.14305
2532.118,0.8338794,0.907558,1.461531,1.142886
2534.047,0.8332143,0.9066837,1.461763,1.142789
2535.975,0.8323852,0.9059037,1.461703,1.142604
2537.904,0.8315359,0.9052116,1.461627,1.142435
2539.833,0.8307633,0.9045206,1.461487,1.142176
2541.761,0.8300154,0.9036233,1.461812,1.142119
2543.689,0.8291892,0.9027215,1.461432,1.141993
2545.618,0.828216,0.9017426,1.460996,1.141678
2547.546,0.8272177,0.9007454,1.461194,1.141381
2549.475,0.8262426,0.8997259,1.460956,1.141149
2551.403,0.8253011,0.8986983,1.460794,1.140932
2553.332,0.8244248,0.8975362,1.46043,1.140741
2555.26,0.8234066,0.8964911,1.460122,1.140356
2557.189,0.8224008,0.8954434,1.460087,1.139933
2559.117,0.8212844,0.8944087,1.459985,1.139512
2561.046,0.8201507,0.8931523,1.459649,1.139127
2562.974,0.8190306,0.8919113,1.459327,1.138863
2564.903,0.8178456,0.8906663,1.45912,1.138496
2566.831,0.816617,0.8894454,1.459015,1.137882
2568.76,0.815443,0.8882356,1.458943,1.137332
2570.688,0.8141322,0.8868849,1.458705,1.136663
2572.617,0.8128842,0.8854448,1.458041,1.136345
2574.545,0.8115979,0.8841985,1.457252,1.135888
2576.474,0.8101926,0.882814,1.45703,1.135268
2578.402,0.8087958,0.8813117,1.456898,1.134544
2580.331,0.8074598,0.8797987,1.456354,1.133894
2582.259,0.8060592,0.8783227,1.455965,1.133143
2584.188,0.8045886,0.8768327,1.455792,1.132513
2586.116,0.8030684,0.8753784,1.455391,1.131855
2588.045,0.8015821,0.8738559,1.454493,1.131291
2589.973,0.8000772,0.8724524,1.453915,1.130782
2591.902,0.7986885,0.8709769,1.453929,1.13007
2593.83,0.797237,0.8694789,1.453587,1.129162
2595.759,0.7957739,0.8679656,1.453089,1.128566
2597.687,0.7943118,0.8664871,1.452537,1.127944
2599.616,0.7928029,0.8649521,1.451846,1.127337
2601.544,0.7912991,0.8634615,1.450943,1.12666
2603.473,0.7899047,0.86195599999999994,1.450394,1.125852
2605.401,0.7885126,0.8605447,1.450138,1.124894
2607.33,0.7871192,0.8590857,1.449682,1.124244
2609.258,0.7857036,0.8576428,1.449239,1.123769
2611.187,0.7842795,0.8562554,1.448853,1.123329
2613.115,0.7828754,0.8549371,1.448629,1.122606
2615.044,0.781588,0.8536282,1.44854,1.121903
2616.972,0.7803279,0.8523486,1.447835,1.121322
2618.901,0.7790589,0.851016,1.447568,1.120781
2620.829,0.7777694,0.8497417,1.447259,1.120094
2622.758,0.7766779,0.8485013,1.446664,1.1196
2624.686,0.7756493,0.8474984,1.446179,1.119336
2626.615,0.7745638,0.8464236,1.445839,1.119114
2628.543,0.7734646,0.8453739,1.445877,1.118604
2630.472,0.7724038,0.8443177,1.445797,1.117984
2632.4,0.7713872,0.8434194,1.445284,1.117558
2634.329,0.7704678,0.8424764,1.445006,1.117319
2636.257,0.7697123,0.8417494,1.445246,1.117042
2638.186,0.7690268,0.8411053,1.44518,1.116778
2640.114,0.7681934,0.8403529,1.444683,1.116428
2642.043,0.7674823,0.839589,1.444375,1.116276
2643.971,0.7668176,0.8389958,1.444547,1.116209
2645.9,0.7662983,0.8385074,1.444636,1.116109
2647.828,0.7657579,0.8380756,1.444694,1.115966
2649.757,0.7653517,0.8376205,1.444683,1.11582
2651.685,0.765068,0.8373265,1.444812,1.115934
2653.614,0.7648403,0.8370963,1.444834,1.116144
2655.542,0.7646425,0.8369984,1.444994,1.11626
2657.471,0.7645595,0.8369039,1.445195,1.116468
2659.399,0.7644777,0.8368256,1.445739,1.11679
2661.328,0.7645108,0.8368683,1.446255,1.117188
2663.256,0.7646044,0.8372221,1.446411,1.11747
2665.185,0.7647797,0.8374395,1.446553,1.117816
2667.113,0.7649515,0.8376167,1.446969,1.11839
2669.042,0.7652658,0.8379539,1.447721,1.118995
2670.97,0.7657316,0.8385983,1.448508,1.119626
2672.899,0.7663527,0.8391665,1.44882,1.120429
2674.827,0.766905,0.8397159,1.449133,1.121235
2676.756,0.7676703,0.8405588,1.449938,1.122133
2678.684,0.7683351,0.841401,1.450924,1.122876
2680.613,0.7688753,0.8419736,1.451243,1.123581
2682.541,0.7693139,0.8423505,1.451775,1.124333
2684.47,0.7700281,0.8430339,1.453076,1.125172
2686.398,0.770859,0.8440003,1.453824,1.125942
2688.327,0.7717292,0.8449613,1.454406,1.126953
2690.255,0.7726492,0.8460025,1.455064,1.127996
2692.184,0.7737138,0.8470241,1.455882,1.129161
2694.112,0.7747882,0.8481379,1.457055,1.130203
2696.041,0.7759587,0.8493649,1.458145,1.131236
2697.969,0.7771665,0.8506732,1.459313,1.132452
2699.898,0.7783475,0.8519458,1.460544,1.133753
2701.826,0.7795395,0.8532015,1.461232,1.135025
2703.755,0.7808734,0.8545361,1.461949,1.13649
2705.683,0.7822262,0.8559499,1.463199,1.138036
2707.612,0.7836983,0.8574201,1.46467,1.139502
2709.54,0.7851199,0.8589495,1.466064,1.14087
2711.469,0.7865202,0.8603804,1.466838,1.142273
2713.397,0.7879719,0.8619346,1.467943,1.143791
2715.326,0.7895082,0.863453,1.469089,1.145356
2717.254,0.7910365,0.8649586,1.470341,1.146844
2719.183,0.7927855,0.8666784,1.47185,1.148432
2721.111,0.794717,0.8686584,1.473448,1.150002
2723.04,0.7965497,0.8704974,1.474868,1.15176
2724.968,0.7983242,0.8723821,1.476126,1.153648
2726.897,0.7996927,0.8738565,1.476951,1.155281
2728.825,0.8009749,0.8752501,1.478042,1.156658
2730.754,0.8026454,0.8769569,1.479217,1.158129
2732.682,0.8043248,0.8786712,1.480541,1.159701
2734.611,0.8062304,0.88040909999999994,1.482245,1.161777
2736.539,0.8081152,0.8822924,1.483773,1.163723
2738.468,0.8097254,0.8839442,1.485061,1.165346
2740.396,0.8113028,0.8856081,1.485879,1.166914
2742.325,0.8130636,0.8873691,1.487186,1.168647
2744.253,0.8149092,0.8892676,1.488923,1.170594
2746.182,0.8169864,0.8913354,1.490661,1.172832
2748.11,0.8188574,0.8932443,1.492103,1.174761
2750.039,0.8204339,0.8947331,1.493192,1.176241
2751.967,0.8218515,0.896172,1.494264,1.177576
2753.896,0.8235379,0.8978673,1.495937,1.179312
2755.824,0.8252991,0.8996149,1.49745,1.181202
2757.753,0.8269665,0.9012802,1.498632,1.182965
2759.681,0.8285827,0.9029202,1.500043,1.184551
2761.61,0.8303081,0.9045166,1.501276,1.18632
2763.538,0.8319727,0.9062284,1.502518,1.188113
2765.467,0.8336262,0.907865,1.503598,1.189984
2767.395,0.835181,0.9094709,1.504993,1.191815
2769.324,0.8368213,0.9111099,1.506672,1.193599
2771.252,0.8385812,0.9129452,1.508222,1.195464
2773.181,0.8404642,0.9148629,1.509644,1.19745
2775.109,0.8419464,0.9162624,1.510963,1.199103
2777.038,0.8431231,0.917228,1.512212,1.200731
2778.966,0.8443888,0.9185755,1.513069,1.202338
2780.895,0.8458722,0.9200018,1.514084,1.203924
2782.823,0.8472451,0.9212897,1.515325,1.205408
2784.752,0.8486843,0.9226451,1.516722,1.207209
2786.68,0.8503054,0.9243852,1.518155,1.208988
2788.609,0.8518686,0.9259246,1.519376,1.210512
2790.537,0.8530316,0.9269133,1.520347,1.211778
2792.466,0.8540154,0.927702,1.521493,1.213321
2794.394,0.8551012,0.9287388,1.522438,1.214948
2796.323,0.8564228,0.929952,1.523428,1.216523
2798.251,0.857458,0.9310144,1.524404,1.217788
2800.18,0.8581267,0.9315951,1.525158,1.218915
2802.108,0.85888,0.9321992,1.525955,1.219886
2804.037,0.8598107,0.9329967,1.52678,1.221093
2805.965,0.860691,0.9339352,1.527763,1.222565
2807.894,0.8618562,0.934996,1.528933,1.224161
2809.822,0.8627595,0.9357944,1.529838,1.225351
2811.751,0.8631377,0.9360558,1.530434,1.226233
2813.679,0.8635926,0.9365218,1.531126,1.227317
2815.608,0.8642216,0.936955,1.532041,1.228641
2817.536,0.8647693,0.9374244,1.53273,1.229542
2819.465,0.8653723,0.9378813,1.533607,1.23049
2821.393,0.865878,0.9383968,1.534374,1.23176
2823.322,0.8663772,0.938745,1.534655,1.232943
2825.25,0.8666426,0.938759,1.534661,1.233627
2827.179,0.8669496,0.9388736,1.53501,1.234207
2829.107,0.8672718,0.9393441,1.536027,1.235128
2831.036,0.8677202,0.939829,1.537477,1.236397
2832.964,0.8682419,0.9401312,1.538366,1.237532
2834.893,0.8687391,0.9402631,1.539214,1.238609
2836.821,0.8692381,0.9406233,1.539916,1.239643
2838.75,0.8695442,0.9408169,1.540496,1.240194
2840.678,0.8694022,0.9403932,1.540722,1.240424
2842.607,0.8694879,0.9400959,1.541048,1.241214
2844.535,0.8701681,0.9404575,1.541348,1.242082
2846.464,0.8713681,0.9411686,1.542326,1.243272
2848.392,0.8720367,0.9413967,1.542981,1.244117
2850.321,0.8721666,0.9410694,1.543322,1.24465
2852.249,0.871862,0.940807,1.543672,1.245145
2854.178,0.8714932,0.9406816,1.543836,1.245799
2856.106,0.8712108,0.9404892,1.544143,1.246656
2858.035,0.8709282,0.9401143,1.544861,1.247423
2859.963,0.8702979,0.9395766,1.545241,1.247647
2861.892,0.8695179,0.9387734,1.545225,1.247761
2863.82,0.8690205,0.9382966,1.545235,1.248265
2865.749,0.8686797,0.937853,1.545527,1.24874
2867.677,0.8682153,0.9374436,1.545917,1.248892
2869.606,0.8679923,0.9373898,1.546077,1.249471
2871.534,0.868088,0.9375758,1.546441,1.250097
2873.463,0.8679357,0.9371497,1.546859,1.250375
2875.391,0.8672193,0.9361624,1.546692,1.250496
2877.32,0.8664826,0.9352201,1.546252,1.250727
2879.248,0.8659135,0.9346417,1.546202,1.251014
2881.177,0.8656911,0.9341402,1.546224,1.251396
2883.105,0.865441,0.9335058,1.546282,1.2517
2885.034,0.8651022,0.9329072,1.54679,1.252101
2886.962,0.8647007,0.932332,1.547133,1.252576
2888.891,0.8643799,0.9316542,1.546747,1.252827
2890.819,0.8639252,0.9311923,1.546376,1.252888
2892.748,0.8636197,0.9309546,1.54711,1.253718
2894.676,0.8634427,0.9306961,1.547796,1.254306
2896.604,0.8627586,0.9297781,1.547837,1.254464
2898.533,0.8619331,0.9287603,1.547609,1.25455
2900.462,0.8614516,0.9280838,1.547728,1.255042
2902.39,0.8610791,0.9275556,1.547791,1.255449
2904.319,0.8606438,0.9268989,1.547498,1.255943
2906.247,0.8601972,0.9263628,1.547186,1.256528
2908.176,0.8601504,0.9261642,1.547419,1.257155
2910.104,0.8601984,0.9261133,1.547956,1.257588
2912.032,0.8603635,0.9261278,1.54829,1.258331
2913.961,0.860585,0.9260352,1.548789,1.258818
2915.89,0.8609324,0.9257545,1.549397,1.2595
2917.818,0.8607493,0.9253291,1.54925,1.260146
2919.747,0.8602038,0.9246213,1.549061,1.260604
2921.675,0.8598173,0.9240804,1.549011,1.260976
2923.604,0.8596268,0.9235243,1.548706,1.261709
2925.532,0.8593224,0.923097,1.548734,1.26215
2927.461,0.8591471,0.9229611,1.5496780000000001,1.262677
2929.389,0.858696,0.9225708,1.549828,1.26299
2931.318,0.8577092,0.9213622,1.548973,1.263067
2933.246,0.856799,0.9200876,1.548289,1.262955
2935.175,0.8561538,0.9191071,1.548033,1.263293
2937.103,0.8554676,0.9182005,1.547769,1.263686
2939.031,0.8548403,0.9173483,1.547633,1.264106
2940.96,0.854423,0.9169012,1.547816,1.264773
2942.889,0.8541318,0.9166647,1.547952,1.265364
2944.817,0.8536146,0.9159344,1.547538,1.265647
2946.746,0.8529789,0.9148623,1.547114,1.265666
2948.674,0.8522074,0.9138172,1.546651,1.265927
2950.603,0.851834,0.9132014,1.54678,1.2669570000000001
2952.531,0.8512406,0.9126424,1.546956,1.267686
2954.459,0.8505487,0.9116453,1.546791,1.268052
2956.388,0.8500138,0.9108096,1.5464310000000001,1.268545
2958.317,0.8495363,0.9101361,1.546632,1.269622
2960.245,0.8491406,0.9097246,1.546789,1.270472
2962.174,0.8487433,0.9091886,1.546734,1.271001
2964.102,0.8477753,0.908201,1.546656,1.271323
2966.031,0.8467849,0.9072935,1.54604,1.271863
2967.959,0.8457901,0.9065767,1.545877,1.272415
2969.887,0.8447946,0.9057381,1.546697,1.273101
2971.816,0.8438257,0.9051173,1.546268,1.273543
2973.745,0.8429735,0.9044737,1.545624,1.274227
2975.673,0.8419527,0.9037486,1.545521,1.27499
2977.602,0.8411366,0.9032348,1.545263,1.275885
2979.53,0.840481,0.9026747,1.54504,1.27657
2981.458,0.8396474,0.9016883,1.545116,1.277024
2983.387,0.8385195,0.9006091,1.545166,1.277727
2985.315,0.8375534,0.8998481,1.545122,1.2787
2987.244,0.8372222,0.8992492,1.544871,1.27966
2989.173,0.8373395,0.8990883,1.545366,1.281068
2991.101,0.8370633,0.8993597,1.545977,1.282205
2993.03,0.8366968,0.8988785,1.545942,1.283111
2994.958,0.8366886,0.8983977,1.545841,1.28431
2996.886,0.8366798,0.8983642,1.546536,1.285319
2998.815,0.8362336,0.8977565,1.546308,1.28615
3000.743,0.8359233,0.897243,1.54619,1.28736
3002.672,0.8356655,0.8970403,1.546366,1.288497
3004.601,0.8360069,0.8964409,1.545488,1.290022
3006.529,0.8361205,0.8965328,1.546006,1.29167
3008.458,0.8361315,0.8970611,1.547565,1.293059
3010.386,0.8364562,0.8970762,1.548126,1.294433
3012.314,0.8369242,0.8965922,1.547713,1.296171
3014.243,0.8370859,0.8964326,1.547384,1.297629
3016.171,0.8371965,0.8964009,1.548152,1.299058
3018.1,0.8372436,0.8964381,1.549029,1.300829
3020.029,0.8370884,0.8962178,1.549479,1.30261
3021.957,0.8372875,0.896019,1.549359,1.304349
3023.885,0.8376818,0.8961812,1.549084,1.306292
3025.814,0.8379939,0.8957215,1.548449,1.307823
3027.742,0.8379787,0.8959112,1.549506,1.309211
3029.671,0.8378608,0.8962091,1.550664,1.310543
3031.599,0.8391954,0.8957895,1.549866,1.312513
3033.528,0.8398967,0.896143,1.549939,1.314587
3035.457,0.8400667,0.8960394,1.550833,1.316274
3037.385,0.8402867,0.8961821,1.551903,1.318232
3039.313,0.8408049,0.8968233,1.552405,1.320398
3041.242,0.8414642,0.8973066,1.552696,1.32218
3043.17,0.841996,0.8973913,1.553485,1.323841
3045.099,0.842223,0.8974023,1.554071,1.325326
3047.028,0.8424248,0.8971868,1.55387,1.326569
3048.956,0.8436864,0.8970154,1.553401,1.328176
3050.885,0.8444009,0.8973141,1.554276,1.329583
3052.813,0.8442989,0.8978051,1.555416,1.33059
3054.741,0.8446551,0.8978745,1.555962,1.331894
3056.67,0.845885,0.8973507,1.55522,1.333019
3058.598,0.8462541,0.8973868,1.555759,1.333938
3060.527,0.8466222,0.8978482,1.556519,1.334998
3062.456,0.8470986,0.8985744,1.557493,1.335946
3064.384,0.8481481,0.8987166,1.557846,1.336545
3066.313,0.8496738,0.8988512,1.558071,1.337458
3068.241,0.8504806,0.8991081,1.558382,1.338198
3070.169,0.8506998,0.8995377,1.558503,1.338517
3072.098,0.851247,0.8996833,1.558487,1.338915
3074.026,0.8521573,0.9001902,1.560032,1.33959
3075.955,0.853004,0.9011624,1.561135,1.339833
3077.884,0.8539565,0.9015609,1.561522,1.339695
3079.812,0.8551851,0.9013726,1.562217,1.339854
3081.74,0.8564554,0.9015975,1.562766,1.340737
3083.669,0.8573092,0.902235,1.563021,1.341041
3085.597,0.857894,0.902687,1.563828,1.340882
3087.526,0.8588762,0.902858,1.564751,1.340869
3089.454,0.8598338,0.9033235,1.565295,1.340891
3091.383,0.8603309,0.9032986,1.565415,1.340618
3093.312,0.8606609,0.9032323,1.565596,1.340518
3095.24,0.8620543,0.9030299,1.564988,1.340851
3097.168,0.8638663,0.9038193,1.566166,1.341349
3099.097,0.8646598,0.9049437,1.567742,1.341127
3101.025,0.8660116,0.9046137,1.566859,1.341152
3102.954,0.8673786,0.9048246,1.567016,1.341391
3104.882,0.868293,0.9059654,1.568308,1.341457
3106.811,0.8696517,0.9068956,1.569009,1.341463
3108.74,0.8710506,0.9074611,1.569762,1.341213
3110.668,0.8720993,0.9077348,1.570272,1.341452
3112.596,0.8734033,0.9085701,1.571762,1.342238
3114.525,0.8748915,0.9093195,1.57281,1.342142
3116.453,0.8767183,0.9095973,1.572838,1.341779
3118.382,0.8782537,0.9101619,1.573095,1.341823
3120.31,0.8792124,0.9106882,1.57436,1.341964
3122.239,0.8804913,0.9104845,1.574853,1.342037
3124.167,0.8819724,0.9107509,1.575315,1.342432
3126.096,0.883183,0.9114833,1.575676,1.34292
3128.024,0.8853785,0.9125229,1.576355,1.343358
3129.953,0.8861669,0.9136651,1.578367,1.343361
3131.881,0.8874681,0.9133437,1.578351,1.343397
3133.81,0.8899591,0.9134685,1.5775,1.343832
3135.738,0.8918603,0.9151502,1.579061,1.344569
3137.667,0.8936684,0.9168144,1.580924,1.344755
3139.595,0.8953279,0.9174353,1.581721,1.344848
3141.524,0.8964345,0.9174442,1.582094,1.344965
3143.452,0.8982634,0.91764540000000006,1.582552,1.345724
3145.381,0.9000357,0.9184583,1.583699,1.346549
3147.309,0.9020783,0.919439,1.584364,1.347283
3149.238,0.9042513,0.9206978,1.585315,1.347881
3151.167,0.9066514,0.9218705,1.586411,1.348428
3153.095,0.9084809,0.9224155,1.587439,1.348892
3155.023,0.9099961,0.9225821,1.58777,1.349607
3156.952,0.9115455,0.9229339,1.587252,1.35001
3158.88,0.9136162,0.9236401,1.58733,1.350215
3160.809,0.915588,0.9244469,1.588342,1.350518
3162.737,0.917634,0.9252349,1.589003,1.35138
3164.666,0.9195428,0.9259008,1.589413,1.352489
3166.594,0.9216394,0.9266312,1.590554,1.353566
3168.523,0.9237646,0.9274085,1.591608,1.354654
3170.451,0.9260749,0.9280846,1.592692,1.355634
3172.38,0.928129,0.9289694,1.593793,1.356043
3174.308,0.930158,0.9299811,1.594869,1.356799
3176.237,0.931614,0.9307616,1.595892,1.357173
3178.165,0.9347391,0.930963,1.595866,1.358064
3180.094,0.9373329,0.9322274,1.596936,1.359063
3182.022,0.9390948,0.9334564,1.597865,1.359792
3183.951,0.9413741,0.9338895,1.597969,1.36036
3185.879,0.9444674,0.9344807,1.599227,1.361298
3187.808,0.9467678,0.9359282,1.6011,1.362101
3189.736,0.9487919,0.9367124,1.601693,1.3627
3191.665,0.951066,0.9373645,1.602144,1.363563
3193.593,0.9533861,0.9380641,1.603464,1.36424
3195.522,0.9552245,0.9385284,1.604254,1.364117
3197.45,0.9581674,0.9386538,1.603752,1.364503
3199.379,0.9610437,0.9397363,1.604223,1.36515
3201.307,0.9633698,0.9411072,1.606109,1.365668
3203.236,0.9657047,0.941989,1.607278,1.36613
3205.164,0.9681352,0.9428537,1.60756,1.366113
3207.093,0.9699012,0.9436798,1.608306,1.365521
3209.021,0.9725428,0.9438377,1.609262,1.365597
3210.95,0.9754047,0.9448218,1.610128,1.366199
3212.878,0.9774866,0.9459376,1.611526,1.366563
3214.807,0.9805014,0.9462199,1.611477,1.366634
3216.735,0.9825516,0.947512,1.612458,1.366645
3218.664,0.9849245,0.9481555,1.613423,1.366621
3220.592,0.9877954,0.9483646,1.613769,1.366744
3222.521,0.9899287,0.949578,1.61467,1.366736
3224.449,0.9917438,0.9507096,1.616182,1.366999
3226.378,0.9938019,0.951276,1.616521,1.367096
3228.306,0.9966193,0.9519034,1.617079,1.367194
3230.235,0.9994381,0.9533108,1.618727,1.367523
3232.163,1.002053,0.9545237,1.619575,1.368136
3234.092,1.003983,0.9551415,1.620251,1.368034
3236.02,1.005718,0.955153,1.620772,1.368013
3237.949,1.00772,0.9555422,1.620974,1.368013
3239.877,1.00989,0.956238,1.621486,1.367849
3241.806,1.011605,0.9571716,1.622694,1.367736
3243.734,1.013671,0.9577962,1.623862,1.367907
3245.663,1.01726,0.9581656,1.623892,1.368423
3247.591,1.018912,0.9592628,1.625125,1.368745
3249.52,1.020194,0.9596509,1.626101,1.368631
3251.448,1.021595,0.9601859,1.627128,1.368322
3253.377,1.023858,0.9607311,1.627013,1.367856
3255.305,1.026635,0.9614455,1.627409,1.368173
3257.234,1.028316,0.9618887,1.627971,1.368306
3259.162,1.030036,0.9624167,1.628649,1.368356
3261.091,1.031766,0.9629578,1.629673,1.368637
3263.019,1.03351,0.9635386,1.630219,1.368792
3264.948,1.035692,0.9640616,1.630443,1.368756
3266.876,1.038309,0.9650726,1.631717,1.3691
3268.805,1.040373,0.9665433,1.633716,1.369088
3270.733,1.041824,0.9675155,1.634719,1.36904
3272.662,1.043549,0.9674364,1.633878,1.368731
3274.59,1.045938,0.967117,1.633291,1.368407
3276.519,1.047918,0.9672269,1.634225,1.368345
3278.447,1.04968,0.9680769,1.635678,1.368875
3280.376,1.051097,0.9688305,1.636605,1.368746
3282.304,1.053105,0.9690735,1.637077,1.369059
3284.233,1.055372,0.9694834,1.637371,1.36925
3286.161,1.057156,0.970194,1.638207,1.368848
3288.09,1.059305,0.9708788,1.639252,1.368761
3290.018,1.061789,0.9720511,1.640477,1.369051
3291.947,1.064144,0.9726632,1.640335,1.369076
3293.875,1.066568,0.9732568,1.641037,1.369665
3295.804,1.068335,0.9739425,1.642057,1.369438
3297.732,1.070715,0.9736603,1.640938,1.369178
3299.661,1.072731,0.9742377,1.640619,1.369606
3301.589,1.075449,0.9754668,1.642339,1.369898
3303.518,1.078273,0.9765114,1.644019,1.369843
3305.446,1.080533,0.9774901,1.645677,1.370178
3307.375,1.082753,0.977883,1.64641,1.369986
3309.303,1.086074,0.9775446,1.646036,1.369841
3311.232,1.088286,0.9779963,1.647123,1.369871
3313.16,1.091135,0.9783863,1.64694,1.370053
3315.089,1.093718,0.9793094,1.647607,1.369833
3317.017,1.096258,0.9800379,1.649086,1.370028
3318.946,1.099091,0.9807907,1.650002,1.370497
3320.874,1.102109,0.981901,1.651134,1.371022
3322.803,1.105443,0.9831492,1.65194,1.37112
3324.731,1.108946,0.9840354,1.653365,1.371083
3326.66,1.112017,0.9845199,1.653816,1.370874
3328.588,1.115205,0.984999,1.654452,1.371211
3330.517,1.118375,0.9859272,1.65502,1.371961
3332.445,1.121729,0.9869345,1.655464,1.37259
3334.374,1.125216,0.9879709,1.656968,1.372569
3336.302,1.129814,0.9888294,1.657829,1.372782
3338.231,1.133594,0.9901261,1.658772,1.372851
3340.159,1.136723,0.9914663,1.660057,1.372997
3342.088,1.140407,0.9924747,1.662066,1.373549
3344.016,1.144001,0.9930199,1.662902,1.374205
3345.945,1.147478,0.9936593,1.662081,1.374621
3347.873,1.151434,0.9951139,1.662519,1.37482
3349.802,1.155324,0.9966376,1.663562,1.37486
3351.73,1.158617,0.9970841,1.664297,1.375051
3353.659,1.161705,0.99716,1.666308,1.375051
3355.587,1.165618,0.9973883,1.666759,1.375347
3357.516,1.169736,0.9987068,1.667169,1.376253
3359.444,1.173446,1.000359,1.669474,1.376728
3361.373,1.17744,1.000933,1.670607,1.37684
3363.301,1.181116,1.002006,1.671169,1.377019
3365.23,1.185217,1.003045,1.671067,1.377556
3367.158,1.189732,1.003943,1.671782,1.378402
3369.087,1.193272,1.005024,1.672401,1.378499
3371.015,1.196058,1.005749,1.67408,1.378643
3372.944,1.199058,1.006306,1.67557,1.378945
3374.872,1.20278,1.007002,1.67638,1.379756
3376.801,1.206212,1.007824,1.677041,1.379905
3378.729,1.209672,1.008564,1.677817,1.380105
3380.658,1.212634,1.009052,1.677793,1.38053
3382.586,1.215546,1.009162,1.678835,1.380721
3384.515,1.219697,1.009026,1.678155,1.380737
3386.443,1.223578,1.010143,1.678706,1.381417
3388.372,1.226354,1.012145,1.681162,1.381889
3390.3,1.228615,1.013412,1.683702,1.382046
3392.229,1.232354,1.012456,1.682206,1.382204
3394.157,1.23562,1.012691,1.681768,1.38267
3396.086,1.237709,1.013531,1.682711,1.382616
3398.014,1.241534,1.013829,1.682715,1.38355
3399.943,1.242751,1.015013,1.685257,1.38392
3401.871,1.245029,1.015173,1.686202,1.384217
3403.8,1.248331,1.01493,1.685998,1.3845
3405.728,1.25082,1.015089,1.686069,1.385128
3407.657,1.252794,1.015684,1.686636,1.385584
3409.585,1.255284,1.015894,1.687551,1.38631
3411.514,1.257184,1.016228,1.688199,1.38689
3413.442,1.259088,1.015754,1.687934,1.387344
3415.371,1.260987,1.01537,1.687293,1.387911
3417.299,1.262112,1.015723,1.687892,1.388647
3419.228,1.263421,1.01464,1.686329,1.388203
3421.156,1.267374,1.012183,1.683008,1.389989
3423.085,1.269159,1.01262,1.684708,1.392812
3425.013,1.269701,1.014141,1.688725,1.394205
3426.942,1.270761,1.014647,1.689139,1.395035
3428.87,1.271783,1.014223,1.688503,1.396551
3430.799,1.273286,1.013258,1.688581,1.39845
3432.727,1.275233,1.012534,1.688185,1.401234
3434.656,1.27571,1.012452,1.688183,1.403367
3436.584,1.276189,1.011663,1.688123,1.405441
3438.513,1.276237,1.010602,1.687662,1.407534
3440.441,1.275889,1.009319,1.687232,1.409078
3442.37,1.277751,1.007558,1.685357,1.410496
3444.298,1.276688,1.007912,1.685786,1.412393
3446.227,1.277044,1.004829,1.68239,1.413926
3448.155,1.281451,1.002767,1.680059,1.417967
3450.084,1.279495,1.0059,1.685109,1.419918
3452.012,1.278498,1.006187,1.685434,1.420591
3453.941,1.277791,1.005947,1.684987,1.421092
3455.869,1.277649,1.005256,1.685068,1.421417
3457.798,1.277137,1.005204,1.68485,1.421639
3459.726,1.275874,1.004234,1.684636,1.420812
3461.655,1.275968,1.001876,1.682909,1.419389
3463.583,1.276597,1.001445,1.683082,1.419658
3465.512,1.274962,1.002495,1.684255,1.418343
3467.44,1.274481,1.001495,1.683261,1.416972
3469.369,1.272518,1.000985,1.683156,1.415501
3471.297,1.271343,0.9998409,1.682166,1.413562
3473.226,1.270119,0.9986314,1.681037,1.411405
3475.154,1.270677,0.9966492,1.679268,1.410195
3477.083,1.268525,0.9976196,1.682216,1.408376
3479.011,1.264684,0.997101,1.683491,1.404716
3480.94,1.264183,0.9926408,1.677623,1.402074
3482.868,1.265963,0.9909542,1.673975,1.402231
3484.797,1.262475,0.9942251,1.67723,1.400742
3486.725,1.259923,0.9930594,1.677426,1.397878
3488.654,1.259386,0.9912124,1.676446,1.396207
3490.582,1.256951,0.991805,1.67777,1.394489
3492.51,1.25316,0.9920512,1.679129,1.392357
3494.439,1.249738,0.9902344,1.677538,1.390508
3496.368,1.248191,0.9877061,1.674738,1.389047
3498.296,1.244554,0.9878023,1.676824,1.387343
3500.225,1.237823,0.9876866,1.678559,1.383616
3502.153,1.236477,0.9813092,1.671671,1.380188
3504.082,1.238845,0.9771532,1.665403,1.38099
3506.01,1.2327,0.9811739,1.67123,1.380621
3507.938,1.225935,0.9805723,1.673432,1.377024
3509.867,1.226947,0.9758837,1.66849,1.376801
3511.796,1.224414,0.9778109,1.669897,1.377555
3513.724,1.220158,0.9789577,1.671585,1.376913
3515.653,1.21553,0.9782996,1.672719,1.375054
3517.581,1.212029,0.9760607,1.670824,1.372914
3519.51,1.208244,0.9752395,1.670655,1.371368
3521.438,1.202598,0.9737552,1.670832,1.367674
3523.366,1.202634,0.9679633,1.664314,1.365096
3525.295,1.199036,0.9668021,1.663705,1.364553
3527.224,1.195833,0.9635882,1.660559,1.363304
3529.152,1.195428,0.962162,1.658527,1.364155
3531.081,1.191529,0.9648457,1.661686,1.364808
3533.009,1.185617,0.9676458,1.665788,1.363955
3534.938,1.180427,0.9664511,1.665573,1.361068
3536.866,1.180467,0.962219,1.660307,1.360414
3538.795,1.175727,0.963285,1.662253,1.36009
3540.723,1.169099,0.9640925,1.665538,1.358464
3542.652,1.16127,0.9616913,1.665648,1.353938
3544.58,1.159618,0.9524049,1.655416,1.349329
3546.509,1.162417,0.945807,1.646602,1.349742
3548.437,1.157797,0.9499502,1.651834,1.351869
3550.365,1.146855,0.9528872,1.657092,1.348703
3552.294,1.146929,0.9450232,1.647529,1.34733
3554.223,1.144455,0.9455258,1.648129,1.349053
3556.151,1.136701,0.9481053,1.652848,1.34856
3558.08,1.130246,0.9470771,1.653183,1.346022
3560.008,1.126579,0.9430989,1.649367,1.343562
3561.937,1.120565,0.940594,1.648491,1.340785
3563.865,1.107982,0.9362925,1.648076,1.332826
3565.793,1.104793,0.9144639,1.626269,1.319817
3567.722,1.122915,0.9027694,1.606694,1.326829
3569.651,1.114339,0.923234,1.628195,1.337372
3571.579,1.10131,0.9322003,1.64112,1.337896
3573.508,1.094138,0.931637,1.642192,1.335705
3575.436,1.090314,0.9282651,1.639623,1.334215
3577.365,1.085434,0.9267535,1.638759,1.333288
3579.293,1.081634,0.9245557,1.63654,1.332473
3581.221,1.07655,0.9243693,1.637259,1.331257
3583.15,1.067513,0.9244431,1.63885,1.328094
3585.079,1.054565,0.9185295,1.636716,1.317664
3587.007,1.061167,0.8911964,1.607689,1.307443
3588.936,1.070807,0.8952209,1.606542,1.319056
3590.864,1.053868,0.9118761,1.627754,1.322534
3592.792,1.042691,0.9097869,1.62762,1.317496
3594.721,1.043307,0.8995846,1.615849,1.314849
3596.649,1.040009,0.9008462,1.617062,1.316013
3598.578,1.032047,0.9013578,1.6184,1.313885
3600.507,1.03159,0.8960622,1.611655,1.313182
3602.435,1.028411,0.8987684,1.61377,1.315573
3604.364,1.015539,0.9041293,1.622978,1.313048
3606.292,1.005091,0.8957971,1.618278,1.304306
3608.22,1.010367,0.8787155,1.597652,1.300135
3610.149,1.004802,0.8825128,1.600923,1.300719
3612.077,0.995026,0.8795161,1.600484,1.295359
3614.006,0.9997312,0.872088,1.591448,1.296886
3615.935,0.987022,0.8801301,1.602435,1.295953
3617.863,0.9802026,0.8680516,1.591072,1.286819
3619.792,0.9930374,0.8592622,1.575936,1.292023
3621.72,0.9870773,0.876088,1.593367,1.30172
3623.648,0.971743,0.885915,1.606622,1.301222
3625.577,0.9550745,0.8838654,1.609864,1.29201
3627.505,0.9431561,0.8528137,1.586012,1.266786
3629.434,0.9777448,0.8209122,1.539899,1.270952
3631.363,0.9630188,0.860719,1.580914,1.290316
3633.291,0.9516643,0.8685516,1.589893,1.292731
3635.219,0.9484727,0.8711407,1.591128,1.295259
3637.148,0.940047,0.8733829,1.594424,1.293763
3639.076,0.9364235,0.8722964,1.592396,1.293016
3641.005,0.9299238,0.8711771,1.592501,1.291306
3642.934,0.9255781,0.869406,1.592018,1.2898
3644.862,0.9071373,0.8688575,1.598633,1.279181
3646.791,0.8957919,0.8324835,1.56696,1.249389
3648.719,0.9110298,0.7760748,1.504905,1.224199
3650.647,0.9367902,0.7995577,1.516987,1.260262
3652.576,0.9171013,0.8482791,1.570161,1.283345
3654.504,0.8954466,0.8586856,1.585937,1.278875
3656.433,0.9064118,0.8443437,1.566468,1.279312
3658.362,0.9031224,0.8554723,1.577588,1.286057
3660.29,0.8943517,0.8611702,1.585388,1.28682
3662.219,0.890236,0.8612192,1.585933,1.286539
3664.147,0.8851929,0.8615075,1.587237,1.285746
3666.075,0.8737062,0.862285,1.592037,1.279939
3668.004,0.8596902,0.8462022,1.581339,1.261861
3669.932,0.8815058,0.8054625,1.532184,1.252499
3671.861,0.8764919,0.8298195,1.558014,1.265833
3673.79,0.8475167,0.8244146,1.564857,1.244089
3675.718,0.8848594,0.7708457,1.497225,1.236208
3677.646,0.8802829,0.8200787,1.542516,1.266486
3679.575,0.873358,0.8372916,1.560817,1.275377
3681.503,0.8682321,0.8488064,1.574458,1.280833
3683.432,0.8612019,0.8533729,1.580549,1.28046
3685.36,0.8512774,0.854469,1.585429,1.274584
3687.289,0.8414698,0.8366553,1.57288,1.256189
3689.218,0.8603836,0.8008922,1.530706,1.245602
3691.146,0.8730158,0.8146773,1.537348,1.264439
3693.074,0.8665401,0.840083,1.5629440000000001,1.277646
3695.003,0.8571156,0.8502434,1.576999,1.279367
3696.931,0.8567067,0.8506303,1.577498,1.280113
3698.86,0.8478098,0.8531747,1.582541,1.276773
3700.788,0.8474743,0.8413015,1.569472,1.270381
3702.717,0.8581195,0.8363225,1.56069,1.274706
3704.646,0.8511106,0.8472955,1.573911,1.2779
3706.574,0.8406409,0.8494476,1.579417,1.273835
3708.502,0.8308885,0.8379288,1.572066,1.261573
3710.431,0.8372536,0.8025892,1.535407,1.245284
3712.359,0.8604629,0.8029262,1.52688,1.259152
3714.288,0.8554861,0.8329803,1.556988,1.275756
3716.216,0.8428184,0.8473233,1.574871,1.277634
3718.145,0.8395026,0.8447785,1.573789,1.274703
3720.073,0.8365441,0.8404635,1.571286,1.270851
3722.002,0.8384826,0.8304018,1.561721,1.266679
3723.93,0.8401291,0.8284147,1.560265,1.266462
3725.859,0.8434636,0.8252563,1.554739,1.267485
3727.787,0.846374,0.8346016,1.561964,1.275366
3729.716,0.8287554,0.8433613,1.57653,1.269831
3731.644,0.8238878,0.8206218,1.556893,1.251277
3733.573,0.8245661,0.7884221,1.527833,1.230238
3735.501,0.8465053,0.7613699,1.493966,1.227998
3737.43,0.8540199,0.802602,1.530386,1.260572
3739.358,0.8409769,0.8281319,1.558142,1.269191
3741.287,0.8271587,0.8330081,1.569021,1.263667
3743.215,0.8176172,0.7997203,1.543031,1.236397
3745.144,0.8512774,0.772307,1.503659,1.239404
3747.073,0.8310446,0.8091276,1.543035,1.248797
3749.001,0.8189733,0.7810302,1.521341,1.222196
3750.929,0.8443303,0.7482879,1.484892,1.217567
3752.858,0.8588115,0.7969717,1.523831,1.258538
3754.786,0.8419775,0.8340743,1.563446,1.27266
3756.715,0.8328557,0.8376269,1.569546,1.269992
3758.643,0.8383764,0.8290128,1.559269,1.267733
3760.572,0.8493396,0.8332607,1.558441,1.276836
3762.5,0.8373989,0.8504258,1.578709,1.279689
3764.429,0.8329028,0.8453931,1.575382,1.274537
3766.357,0.8395252,0.8417228,1.570632,1.276116
3768.286,0.8315291,0.841953,1.574497,1.271685
3770.214,0.846571,0.8318457,1.559138,1.274895
3772.143,0.8465539,0.8459812,1.571658,1.283618
3774.071,0.8396231,0.8552311,1.581828,1.285233
3776,0.8340119,0.8575826,1.587044,1.283091
3777.928,0.8307593,0.850261,1.581953,1.276303
3779.857,0.8459464,0.8392547,1.565677,1.278182
3781.785,0.8400753,0.851422,1.580178,1.282591
3783.714,0.8352907,0.8500216,1.580577,1.280587
3785.642,0.8435475,0.8465924,1.574555,1.283452
3787.571,0.8417693,0.8535289,1.580979,1.286651
3789.499,0.8400069,0.8570364,1.584539,1.287817
3791.428,0.839062,0.8577051,1.585649,1.28793
3793.356,0.8326977,0.8594415,1.590717,1.284857
3795.285,0.8291294,0.8487489,1.583156,1.276378
3797.213,0.8387817,0.8385628,1.569627,1.275487
3799.142,0.8221525,0.8405991,1.577807,1.266613
3801.07,0.8358762,0.8001626,1.533786,1.250327
3802.999,0.8538274,0.8218346,1.548313,1.273236
3804.927,0.8303392,0.8437249,1.578391,1.27286
3806.856,0.8451381,0.826475,1.556307,1.272013
3808.784,0.8509288,0.84412450000000006,1.569603,1.286207
3810.713,0.8405854,0.8580025,1.585498,1.289074
3812.641,0.8310003,0.8616005,1.592663,1.284662
3814.57,0.822874,0.8445899,1.579759,1.26958
3816.498,0.8454507,0.8218972,1.551999,1.268976
3818.427,0.827482,0.8365695,1.573144,1.266438
3820.355,0.8318086,0.8001595,1.535036,1.245961
3822.284,0.8610002,0.8130604,1.536051,1.270779
3824.212,0.8410012,0.8462346,1.574435,1.281365
3826.141,0.8402941,0.8440835,1.572827,1.281399
3828.069,0.8430507,0.8490943,1.578442,1.285873
3829.998,0.8335849,0.8527709,1.586159,1.281879
3831.926,0.8383483,0.8435551,1.573739,1.27825
3833.855,0.8341261,0.8431777,1.574929,1.275281
3835.783,0.8285207,0.8301113,1.566414,1.26299
3837.712,0.8347818,0.8040793,1.540463,1.25127
3839.64,0.8504374,0.8070986,1.536159,1.262226
3841.569,0.8466651,0.8313451,1.559834,1.27504
3843.497,0.8488365,0.840505,1.567063,1.282513
3845.426,0.8494622,0.8530554,1.578658,1.29144
3847.354,0.8379152,0.8625403,1.591294,1.291285
3849.283,0.8268384,0.857313,1.590674,1.281483
3851.211,0.8097121,0.8218297,1.566474,1.247599
3853.14,0.8478523,0.7205632,1.460178,1.207848
3855.068,0.866521,0.797408,1.523054,1.266421
3856.997,0.8543074,0.8402854,1.56668,1.287281
3858.925,0.842771,0.857963,1.586403,1.290496
3860.854,0.8334934,0.855736,1.58823,1.284274
3862.782,0.8343678,0.8399797,1.574195,1.275275
3864.711,0.8501223,0.8286437,1.556588,1.278121
3866.639,0.8429644,0.8486568,1.579253,1.286075
3868.568,0.8272662,0.837954,1.575047,1.27036
3870.496,0.8559588,0.8185395,1.544741,1.274042
3872.425,0.8434586,0.8420855,1.570424,1.281882
3874.353,0.8547988,0.8407562,1.563884,1.289001
3876.282,0.8491679,0.860253,1.585299,1.297255
3878.21,0.8326907,0.8641054,1.596242,1.2898
3880.139,0.8439401,0.8405511,1.571801,1.282855
3882.067,0.8498647,0.8474061,1.577726,1.289824
3883.996,0.8368601,0.8507531,1.584644,1.284506
3885.924,0.8581845,0.8377284,1.562603,1.289049
3887.853,0.8486738,0.8605822,1.589165,1.297091
3889.781,0.8350973,0.8603904,1.594414,1.289504
3891.71,0.8518536,0.8426238,1.571577,1.289349
3893.638,0.8558541,0.8555236,1.582125,1.299358
3895.567,0.843712,0.8683646,1.598875,1.299561
3897.495,0.8351087,0.8618791,1.595449,1.289926
3899.424,0.8412388,0.8411821,1.574007,1.280307
3901.352,0.8434812,0.8348233,1.568178,1.277359
3903.281,0.8485132,0.8272752,1.559403,1.276801
3905.209,0.8623534,0.8377919,1.563906,1.291338
3907.138,0.8573185,0.8605243,1.585417,1.302845
3909.066,0.8508015,0.8708578,1.59654,1.305582
3910.995,0.8494529,0.8719814,1.599391,1.305757
3912.923,0.8476772,0.8732255,1.602133,1.305113
3914.852,0.842029,0.8701881,1.601019,1.299752
3916.78,0.8488746,0.8583973,1.587323,1.296877
3918.709,0.8529892,0.8589938,1.587328,1.299733
3920.637,0.8525364,0.8647043,1.592618,1.302132
3922.566,0.8455721,0.8674194,1.597406,1.30003
3924.494,0.853126,0.8588389,1.587644,1.30075
3926.423,0.8548937,0.8663458,1.594941,1.305635
3928.351,0.8470131,0.87101,1.601583,1.303092
3930.28,0.847734,0.8646183,1.596192,1.299726
3932.208,0.8553056,0.8596057,1.589398,1.301009
3934.137,0.8581299,0.8664601,1.594214,1.306743
3936.065,0.8527951,0.874129,1.602448,1.308752
3937.994,0.8522745,0.8745394,1.602946,1.309171
3939.922,0.8483011,0.8752035,1.604803,1.306936
3941.851,0.8502145,0.8677719,1.596822,1.303697
3943.779,0.8577943,0.8659686,1.592687,1.307061
3945.708,0.8518376,0.8729225,1.6013,1.308271
3947.636,0.8513488,0.8692439,1.597483,1.305662
3949.565,0.8567051,0.8670109,1.593626,1.307296
3951.493,0.8571411,0.8715882,1.597883,1.310174
3953.422,0.8554003,0.8753149,1.601311,1.310964
3955.35,0.8545425,0.8760023,1.602745,1.311238
3957.279,0.855267,0.875941,1.603042,1.311771
3959.207,0.8546419,0.8768615,1.604055,1.311569
3961.136,0.8553129,0.8754362,1.602318,1.311219
3963.064,0.8579577,0.8756545,1.601078,1.312557
3964.993,0.8566833,0.8787889,1.605286,1.313601
3966.921,0.8556796,0.8791324,1.607649,1.313267
3968.85,0.8563309,0.8784785,1.606643,1.313317
3970.778,0.8567853,0.8785192,1.604555,1.312845
3972.707,0.8564369,0.8780936,1.604659,1.312846
3974.635,0.8578532,0.877325,1.604251,1.314235
3976.564,0.8587911,0.8787559,1.604517,1.315698
3978.492,0.8581704,0.880696,1.606366,1.31609
3980.421,0.8577175,0.8810313,1.607195,1.316216
3982.349,0.8592659,0.880855,1.607294,1.317114
3984.278,0.8595088,0.8816047,1.607955,1.31742
3986.206,0.8593466,0.8821323,1.60768,1.317319
3988.135,0.8581802,0.8825344,1.608139,1.317277
3990.063,0.8595396,0.8812122,1.606261,1.317627
3991.992,0.8601702,0.8817332,1.607385,1.318741
3993.92,0.8601654,0.8820268,1.607762,1.318668
3995.849,0.8613595,0.8824009,1.607313,1.319523
3997.777,0.8611933,0.8839143,1.608148,1.320261
3999.706,0.8608784,0.88429,1.609648,1.319983
